# ************************************************************
# Sequel Pro SQL dump
# Version 4135
#
# http://www.sequelpro.com/
# http://code.google.com/p/sequel-pro/
#
# Host: localhost (MySQL 5.7.15)
# Database: siakad_laravel
# Generation Time: 2020-02-23 07:28:37 +0000
# ************************************************************


/*!40101 SET @OLD_CHARACTER_SET_CLIENT=@@CHARACTER_SET_CLIENT */;
/*!40101 SET @OLD_CHARACTER_SET_RESULTS=@@CHARACTER_SET_RESULTS */;
/*!40101 SET @OLD_COLLATION_CONNECTION=@@COLLATION_CONNECTION */;
/*!40101 SET NAMES utf8 */;
/*!40014 SET @OLD_FOREIGN_KEY_CHECKS=@@FOREIGN_KEY_CHECKS, FOREIGN_KEY_CHECKS=0 */;
/*!40101 SET @OLD_SQL_MODE=@@SQL_MODE, SQL_MODE='NO_AUTO_VALUE_ON_ZERO' */;
/*!40111 SET @OLD_SQL_NOTES=@@SQL_NOTES, SQL_NOTES=0 */;


# Dump of table cities
# ------------------------------------------------------------

DROP TABLE IF EXISTS `cities`;

CREATE TABLE `cities` (
  `id` char(4) COLLATE utf8mb4_unicode_ci NOT NULL,
  `province_id` char(2) COLLATE utf8mb4_unicode_ci NOT NULL,
  `name` varchar(255) COLLATE utf8mb4_unicode_ci NOT NULL,
  PRIMARY KEY (`id`),
  KEY `cities_province_id_foreign` (`province_id`),
  CONSTRAINT `cities_ibfk_1` FOREIGN KEY (`province_id`) REFERENCES `provinces` (`id`)
) ENGINE=InnoDB DEFAULT CHARSET=utf8mb4 COLLATE=utf8mb4_unicode_ci;

LOCK TABLES `cities` WRITE;
/*!40000 ALTER TABLE `cities` DISABLE KEYS */;

INSERT INTO `cities` (`id`, `province_id`, `name`)
VALUES
	('1101','11','KABUPATEN SIMEULUE'),
	('1102','11','KABUPATEN ACEH SINGKIL'),
	('1103','11','KABUPATEN ACEH SELATAN'),
	('1104','11','KABUPATEN ACEH TENGGARA'),
	('1105','11','KABUPATEN ACEH TIMUR'),
	('1106','11','KABUPATEN ACEH TENGAH'),
	('1107','11','KABUPATEN ACEH BARAT'),
	('1108','11','KABUPATEN ACEH BESAR'),
	('1109','11','KABUPATEN PIDIE'),
	('1110','11','KABUPATEN BIREUEN'),
	('1111','11','KABUPATEN ACEH UTARA'),
	('1112','11','KABUPATEN ACEH BARAT DAYA'),
	('1113','11','KABUPATEN GAYO LUES'),
	('1114','11','KABUPATEN ACEH TAMIANG'),
	('1115','11','KABUPATEN NAGAN RAYA'),
	('1116','11','KABUPATEN ACEH JAYA'),
	('1117','11','KABUPATEN BENER MERIAH'),
	('1118','11','KABUPATEN PIDIE JAYA'),
	('1171','11','KOTA BANDA ACEH'),
	('1172','11','KOTA SABANG'),
	('1173','11','KOTA LANGSA'),
	('1174','11','KOTA LHOKSEUMAWE'),
	('1175','11','KOTA SUBULUSSALAM'),
	('1201','12','KABUPATEN NIAS'),
	('1202','12','KABUPATEN MANDAILING NATAL'),
	('1203','12','KABUPATEN TAPANULI SELATAN'),
	('1204','12','KABUPATEN TAPANULI TENGAH'),
	('1205','12','KABUPATEN TAPANULI UTARA'),
	('1206','12','KABUPATEN TOBA SAMOSIR'),
	('1207','12','KABUPATEN LABUHAN BATU'),
	('1208','12','KABUPATEN ASAHAN'),
	('1209','12','KABUPATEN SIMALUNGUN'),
	('1210','12','KABUPATEN DAIRI'),
	('1211','12','KABUPATEN KARO'),
	('1212','12','KABUPATEN DELI SERDANG'),
	('1213','12','KABUPATEN LANGKAT'),
	('1214','12','KABUPATEN NIAS SELATAN'),
	('1215','12','KABUPATEN HUMBANG HASUNDUTAN'),
	('1216','12','KABUPATEN PAKPAK BHARAT'),
	('1217','12','KABUPATEN SAMOSIR'),
	('1218','12','KABUPATEN SERDANG BEDAGAI'),
	('1219','12','KABUPATEN BATU BARA'),
	('1220','12','KABUPATEN PADANG LAWAS UTARA'),
	('1221','12','KABUPATEN PADANG LAWAS'),
	('1222','12','KABUPATEN LABUHAN BATU SELATAN'),
	('1223','12','KABUPATEN LABUHAN BATU UTARA'),
	('1224','12','KABUPATEN NIAS UTARA'),
	('1225','12','KABUPATEN NIAS BARAT'),
	('1271','12','KOTA SIBOLGA'),
	('1272','12','KOTA TANJUNG BALAI'),
	('1273','12','KOTA PEMATANG SIANTAR'),
	('1274','12','KOTA TEBING TINGGI'),
	('1275','12','KOTA MEDAN'),
	('1276','12','KOTA BINJAI'),
	('1277','12','KOTA PADANGSIDIMPUAN'),
	('1278','12','KOTA GUNUNGSITOLI'),
	('1301','13','KABUPATEN KEPULAUAN MENTAWAI'),
	('1302','13','KABUPATEN PESISIR SELATAN'),
	('1303','13','KABUPATEN SOLOK'),
	('1304','13','KABUPATEN SIJUNJUNG'),
	('1305','13','KABUPATEN TANAH DATAR'),
	('1306','13','KABUPATEN PADANG PARIAMAN'),
	('1307','13','KABUPATEN AGAM'),
	('1308','13','KABUPATEN LIMA PULUH KOTA'),
	('1309','13','KABUPATEN PASAMAN'),
	('1310','13','KABUPATEN SOLOK SELATAN'),
	('1311','13','KABUPATEN DHARMASRAYA'),
	('1312','13','KABUPATEN PASAMAN BARAT'),
	('1371','13','KOTA PADANG'),
	('1372','13','KOTA SOLOK'),
	('1373','13','KOTA SAWAH LUNTO'),
	('1374','13','KOTA PADANG PANJANG'),
	('1375','13','KOTA BUKITTINGGI'),
	('1376','13','KOTA PAYAKUMBUH'),
	('1377','13','KOTA PARIAMAN'),
	('1401','14','KABUPATEN KUANTAN SINGINGI'),
	('1402','14','KABUPATEN INDRAGIRI HULU'),
	('1403','14','KABUPATEN INDRAGIRI HILIR'),
	('1404','14','KABUPATEN PELALAWAN'),
	('1405','14','KABUPATEN S I A K'),
	('1406','14','KABUPATEN KAMPAR'),
	('1407','14','KABUPATEN ROKAN HULU'),
	('1408','14','KABUPATEN BENGKALIS'),
	('1409','14','KABUPATEN ROKAN HILIR'),
	('1410','14','KABUPATEN KEPULAUAN MERANTI'),
	('1471','14','KOTA PEKANBARU'),
	('1473','14','KOTA D U M A I'),
	('1501','15','KABUPATEN KERINCI'),
	('1502','15','KABUPATEN MERANGIN'),
	('1503','15','KABUPATEN SAROLANGUN'),
	('1504','15','KABUPATEN BATANG HARI'),
	('1505','15','KABUPATEN MUARO JAMBI'),
	('1506','15','KABUPATEN TANJUNG JABUNG TIMUR'),
	('1507','15','KABUPATEN TANJUNG JABUNG BARAT'),
	('1508','15','KABUPATEN TEBO'),
	('1509','15','KABUPATEN BUNGO'),
	('1571','15','KOTA JAMBI'),
	('1572','15','KOTA SUNGAI PENUH'),
	('1601','16','KABUPATEN OGAN KOMERING ULU'),
	('1602','16','KABUPATEN OGAN KOMERING ILIR'),
	('1603','16','KABUPATEN MUARA ENIM'),
	('1604','16','KABUPATEN LAHAT'),
	('1605','16','KABUPATEN MUSI RAWAS'),
	('1606','16','KABUPATEN MUSI BANYUASIN'),
	('1607','16','KABUPATEN BANYU ASIN'),
	('1608','16','KABUPATEN OGAN KOMERING ULU SELATAN'),
	('1609','16','KABUPATEN OGAN KOMERING ULU TIMUR'),
	('1610','16','KABUPATEN OGAN ILIR'),
	('1611','16','KABUPATEN EMPAT LAWANG'),
	('1612','16','KABUPATEN PENUKAL ABAB LEMATANG ILIR'),
	('1613','16','KABUPATEN MUSI RAWAS UTARA'),
	('1671','16','KOTA PALEMBANG'),
	('1672','16','KOTA PRABUMULIH'),
	('1673','16','KOTA PAGAR ALAM'),
	('1674','16','KOTA LUBUKLINGGAU'),
	('1701','17','KABUPATEN BENGKULU SELATAN'),
	('1702','17','KABUPATEN REJANG LEBONG'),
	('1703','17','KABUPATEN BENGKULU UTARA'),
	('1704','17','KABUPATEN KAUR'),
	('1705','17','KABUPATEN SELUMA'),
	('1706','17','KABUPATEN MUKOMUKO'),
	('1707','17','KABUPATEN LEBONG'),
	('1708','17','KABUPATEN KEPAHIANG'),
	('1709','17','KABUPATEN BENGKULU TENGAH'),
	('1771','17','KOTA BENGKULU'),
	('1801','18','KABUPATEN LAMPUNG BARAT'),
	('1802','18','KABUPATEN TANGGAMUS'),
	('1803','18','KABUPATEN LAMPUNG SELATAN'),
	('1804','18','KABUPATEN LAMPUNG TIMUR'),
	('1805','18','KABUPATEN LAMPUNG TENGAH'),
	('1806','18','KABUPATEN LAMPUNG UTARA'),
	('1807','18','KABUPATEN WAY KANAN'),
	('1808','18','KABUPATEN TULANGBAWANG'),
	('1809','18','KABUPATEN PESAWARAN'),
	('1810','18','KABUPATEN PRINGSEWU'),
	('1811','18','KABUPATEN MESUJI'),
	('1812','18','KABUPATEN TULANG BAWANG BARAT'),
	('1813','18','KABUPATEN PESISIR BARAT'),
	('1871','18','KOTA BANDAR LAMPUNG'),
	('1872','18','KOTA METRO'),
	('1901','19','KABUPATEN BANGKA'),
	('1902','19','KABUPATEN BELITUNG'),
	('1903','19','KABUPATEN BANGKA BARAT'),
	('1904','19','KABUPATEN BANGKA TENGAH'),
	('1905','19','KABUPATEN BANGKA SELATAN'),
	('1906','19','KABUPATEN BELITUNG TIMUR'),
	('1971','19','KOTA PANGKAL PINANG'),
	('2101','21','KABUPATEN KARIMUN'),
	('2102','21','KABUPATEN BINTAN'),
	('2103','21','KABUPATEN NATUNA'),
	('2104','21','KABUPATEN LINGGA'),
	('2105','21','KABUPATEN KEPULAUAN ANAMBAS'),
	('2171','21','KOTA B A T A M'),
	('2172','21','KOTA TANJUNG PINANG'),
	('3101','31','KABUPATEN KEPULAUAN SERIBU'),
	('3171','31','KOTA JAKARTA SELATAN'),
	('3172','31','KOTA JAKARTA TIMUR'),
	('3173','31','KOTA JAKARTA PUSAT'),
	('3174','31','KOTA JAKARTA BARAT'),
	('3175','31','KOTA JAKARTA UTARA'),
	('3201','32','KABUPATEN BOGOR'),
	('3202','32','KABUPATEN SUKABUMI'),
	('3203','32','KABUPATEN CIANJUR'),
	('3204','32','KABUPATEN BANDUNG'),
	('3205','32','KABUPATEN GARUT'),
	('3206','32','KABUPATEN TASIKMALAYA'),
	('3207','32','KABUPATEN CIAMIS'),
	('3208','32','KABUPATEN KUNINGAN'),
	('3209','32','KABUPATEN CIREBON'),
	('3210','32','KABUPATEN MAJALENGKA'),
	('3211','32','KABUPATEN SUMEDANG'),
	('3212','32','KABUPATEN INDRAMAYU'),
	('3213','32','KABUPATEN SUBANG'),
	('3214','32','KABUPATEN PURWAKARTA'),
	('3215','32','KABUPATEN KARAWANG'),
	('3216','32','KABUPATEN BEKASI'),
	('3217','32','KABUPATEN BANDUNG BARAT'),
	('3218','32','KABUPATEN PANGANDARAN'),
	('3271','32','KOTA BOGOR'),
	('3272','32','KOTA SUKABUMI'),
	('3273','32','KOTA BANDUNG'),
	('3274','32','KOTA CIREBON'),
	('3275','32','KOTA BEKASI'),
	('3276','32','KOTA DEPOK'),
	('3277','32','KOTA CIMAHI'),
	('3278','32','KOTA TASIKMALAYA'),
	('3279','32','KOTA BANJAR'),
	('3301','33','KABUPATEN CILACAP'),
	('3302','33','KABUPATEN BANYUMAS'),
	('3303','33','KABUPATEN PURBALINGGA'),
	('3304','33','KABUPATEN BANJARNEGARA'),
	('3305','33','KABUPATEN KEBUMEN'),
	('3306','33','KABUPATEN PURWOREJO'),
	('3307','33','KABUPATEN WONOSOBO'),
	('3308','33','KABUPATEN MAGELANG'),
	('3309','33','KABUPATEN BOYOLALI'),
	('3310','33','KABUPATEN KLATEN'),
	('3311','33','KABUPATEN SUKOHARJO'),
	('3312','33','KABUPATEN WONOGIRI'),
	('3313','33','KABUPATEN KARANGANYAR'),
	('3314','33','KABUPATEN SRAGEN'),
	('3315','33','KABUPATEN GROBOGAN'),
	('3316','33','KABUPATEN BLORA'),
	('3317','33','KABUPATEN REMBANG'),
	('3318','33','KABUPATEN PATI'),
	('3319','33','KABUPATEN KUDUS'),
	('3320','33','KABUPATEN JEPARA'),
	('3321','33','KABUPATEN DEMAK'),
	('3322','33','KABUPATEN SEMARANG'),
	('3323','33','KABUPATEN TEMANGGUNG'),
	('3324','33','KABUPATEN KENDAL'),
	('3325','33','KABUPATEN BATANG'),
	('3326','33','KABUPATEN PEKALONGAN'),
	('3327','33','KABUPATEN PEMALANG'),
	('3328','33','KABUPATEN TEGAL'),
	('3329','33','KABUPATEN BREBES'),
	('3371','33','KOTA MAGELANG'),
	('3372','33','KOTA SURAKARTA'),
	('3373','33','KOTA SALATIGA'),
	('3374','33','KOTA SEMARANG'),
	('3375','33','KOTA PEKALONGAN'),
	('3376','33','KOTA TEGAL'),
	('3401','34','KABUPATEN KULON PROGO'),
	('3402','34','KABUPATEN BANTUL'),
	('3403','34','KABUPATEN GUNUNG KIDUL'),
	('3404','34','KABUPATEN SLEMAN'),
	('3471','34','KOTA YOGYAKARTA'),
	('3501','35','KABUPATEN PACITAN'),
	('3502','35','KABUPATEN PONOROGO'),
	('3503','35','KABUPATEN TRENGGALEK'),
	('3504','35','KABUPATEN TULUNGAGUNG'),
	('3505','35','KABUPATEN BLITAR'),
	('3506','35','KABUPATEN KEDIRI'),
	('3507','35','KABUPATEN MALANG'),
	('3508','35','KABUPATEN LUMAJANG'),
	('3509','35','KABUPATEN JEMBER'),
	('3510','35','KABUPATEN BANYUWANGI'),
	('3511','35','KABUPATEN BONDOWOSO'),
	('3512','35','KABUPATEN SITUBONDO'),
	('3513','35','KABUPATEN PROBOLINGGO'),
	('3514','35','KABUPATEN PASURUAN'),
	('3515','35','KABUPATEN SIDOARJO'),
	('3516','35','KABUPATEN MOJOKERTO'),
	('3517','35','KABUPATEN JOMBANG'),
	('3518','35','KABUPATEN NGANJUK'),
	('3519','35','KABUPATEN MADIUN'),
	('3520','35','KABUPATEN MAGETAN'),
	('3521','35','KABUPATEN NGAWI'),
	('3522','35','KABUPATEN BOJONEGORO'),
	('3523','35','KABUPATEN TUBAN'),
	('3524','35','KABUPATEN LAMONGAN'),
	('3525','35','KABUPATEN GRESIK'),
	('3526','35','KABUPATEN BANGKALAN'),
	('3527','35','KABUPATEN SAMPANG'),
	('3528','35','KABUPATEN PAMEKASAN'),
	('3529','35','KABUPATEN SUMENEP'),
	('3571','35','KOTA KEDIRI'),
	('3572','35','KOTA BLITAR'),
	('3573','35','KOTA MALANG'),
	('3574','35','KOTA PROBOLINGGO'),
	('3575','35','KOTA PASURUAN'),
	('3576','35','KOTA MOJOKERTO'),
	('3577','35','KOTA MADIUN'),
	('3578','35','KOTA SURABAYA'),
	('3579','35','KOTA BATU'),
	('3601','36','KABUPATEN PANDEGLANG'),
	('3602','36','KABUPATEN LEBAK'),
	('3603','36','KABUPATEN TANGERANG'),
	('3604','36','KABUPATEN SERANG'),
	('3671','36','KOTA TANGERANG'),
	('3672','36','KOTA CILEGON'),
	('3673','36','KOTA SERANG'),
	('3674','36','KOTA TANGERANG SELATAN'),
	('5101','51','KABUPATEN JEMBRANA'),
	('5102','51','KABUPATEN TABANAN'),
	('5103','51','KABUPATEN BADUNG'),
	('5104','51','KABUPATEN GIANYAR'),
	('5105','51','KABUPATEN KLUNGKUNG'),
	('5106','51','KABUPATEN BANGLI'),
	('5107','51','KABUPATEN KARANG ASEM'),
	('5108','51','KABUPATEN BULELENG'),
	('5171','51','KOTA DENPASAR'),
	('5201','52','KABUPATEN LOMBOK BARAT'),
	('5202','52','KABUPATEN LOMBOK TENGAH'),
	('5203','52','KABUPATEN LOMBOK TIMUR'),
	('5204','52','KABUPATEN SUMBAWA'),
	('5205','52','KABUPATEN DOMPU'),
	('5206','52','KABUPATEN BIMA'),
	('5207','52','KABUPATEN SUMBAWA BARAT'),
	('5208','52','KABUPATEN LOMBOK UTARA'),
	('5271','52','KOTA MATARAM'),
	('5272','52','KOTA BIMA'),
	('5301','53','KABUPATEN SUMBA BARAT'),
	('5302','53','KABUPATEN SUMBA TIMUR'),
	('5303','53','KABUPATEN KUPANG'),
	('5304','53','KABUPATEN TIMOR TENGAH SELATAN'),
	('5305','53','KABUPATEN TIMOR TENGAH UTARA'),
	('5306','53','KABUPATEN BELU'),
	('5307','53','KABUPATEN ALOR'),
	('5308','53','KABUPATEN LEMBATA'),
	('5309','53','KABUPATEN FLORES TIMUR'),
	('5310','53','KABUPATEN SIKKA'),
	('5311','53','KABUPATEN ENDE'),
	('5312','53','KABUPATEN NGADA'),
	('5313','53','KABUPATEN MANGGARAI'),
	('5314','53','KABUPATEN ROTE NDAO'),
	('5315','53','KABUPATEN MANGGARAI BARAT'),
	('5316','53','KABUPATEN SUMBA TENGAH'),
	('5317','53','KABUPATEN SUMBA BARAT DAYA'),
	('5318','53','KABUPATEN NAGEKEO'),
	('5319','53','KABUPATEN MANGGARAI TIMUR'),
	('5320','53','KABUPATEN SABU RAIJUA'),
	('5321','53','KABUPATEN MALAKA'),
	('5371','53','KOTA KUPANG'),
	('6101','61','KABUPATEN SAMBAS'),
	('6102','61','KABUPATEN BENGKAYANG'),
	('6103','61','KABUPATEN LANDAK'),
	('6104','61','KABUPATEN MEMPAWAH'),
	('6105','61','KABUPATEN SANGGAU'),
	('6106','61','KABUPATEN KETAPANG'),
	('6107','61','KABUPATEN SINTANG'),
	('6108','61','KABUPATEN KAPUAS HULU'),
	('6109','61','KABUPATEN SEKADAU'),
	('6110','61','KABUPATEN MELAWI'),
	('6111','61','KABUPATEN KAYONG UTARA'),
	('6112','61','KABUPATEN KUBU RAYA'),
	('6171','61','KOTA PONTIANAK'),
	('6172','61','KOTA SINGKAWANG'),
	('6201','62','KABUPATEN KOTAWARINGIN BARAT'),
	('6202','62','KABUPATEN KOTAWARINGIN TIMUR'),
	('6203','62','KABUPATEN KAPUAS'),
	('6204','62','KABUPATEN BARITO SELATAN'),
	('6205','62','KABUPATEN BARITO UTARA'),
	('6206','62','KABUPATEN SUKAMARA'),
	('6207','62','KABUPATEN LAMANDAU'),
	('6208','62','KABUPATEN SERUYAN'),
	('6209','62','KABUPATEN KATINGAN'),
	('6210','62','KABUPATEN PULANG PISAU'),
	('6211','62','KABUPATEN GUNUNG MAS'),
	('6212','62','KABUPATEN BARITO TIMUR'),
	('6213','62','KABUPATEN MURUNG RAYA'),
	('6271','62','KOTA PALANGKA RAYA'),
	('6301','63','KABUPATEN TANAH LAUT'),
	('6302','63','KABUPATEN KOTA BARU'),
	('6303','63','KABUPATEN BANJAR'),
	('6304','63','KABUPATEN BARITO KUALA'),
	('6305','63','KABUPATEN TAPIN'),
	('6306','63','KABUPATEN HULU SUNGAI SELATAN'),
	('6307','63','KABUPATEN HULU SUNGAI TENGAH'),
	('6308','63','KABUPATEN HULU SUNGAI UTARA'),
	('6309','63','KABUPATEN TABALONG'),
	('6310','63','KABUPATEN TANAH BUMBU'),
	('6311','63','KABUPATEN BALANGAN'),
	('6371','63','KOTA BANJARMASIN'),
	('6372','63','KOTA BANJAR BARU'),
	('6401','64','KABUPATEN PASER'),
	('6402','64','KABUPATEN KUTAI BARAT'),
	('6403','64','KABUPATEN KUTAI KARTANEGARA'),
	('6404','64','KABUPATEN KUTAI TIMUR'),
	('6405','64','KABUPATEN BERAU'),
	('6409','64','KABUPATEN PENAJAM PASER UTARA'),
	('6411','64','KABUPATEN MAHAKAM HULU'),
	('6471','64','KOTA BALIKPAPAN'),
	('6472','64','KOTA SAMARINDA'),
	('6474','64','KOTA BONTANG'),
	('6501','65','KABUPATEN MALINAU'),
	('6502','65','KABUPATEN BULUNGAN'),
	('6503','65','KABUPATEN TANA TIDUNG'),
	('6504','65','KABUPATEN NUNUKAN'),
	('6571','65','KOTA TARAKAN'),
	('7101','71','KABUPATEN BOLAANG MONGONDOW'),
	('7102','71','KABUPATEN MINAHASA'),
	('7103','71','KABUPATEN KEPULAUAN SANGIHE'),
	('7104','71','KABUPATEN KEPULAUAN TALAUD'),
	('7105','71','KABUPATEN MINAHASA SELATAN'),
	('7106','71','KABUPATEN MINAHASA UTARA'),
	('7107','71','KABUPATEN BOLAANG MONGONDOW UTARA'),
	('7108','71','KABUPATEN SIAU TAGULANDANG BIARO'),
	('7109','71','KABUPATEN MINAHASA TENGGARA'),
	('7110','71','KABUPATEN BOLAANG MONGONDOW SELATAN'),
	('7111','71','KABUPATEN BOLAANG MONGONDOW TIMUR'),
	('7171','71','KOTA MANADO'),
	('7172','71','KOTA BITUNG'),
	('7173','71','KOTA TOMOHON'),
	('7174','71','KOTA KOTAMOBAGU'),
	('7201','72','KABUPATEN BANGGAI KEPULAUAN'),
	('7202','72','KABUPATEN BANGGAI'),
	('7203','72','KABUPATEN MOROWALI'),
	('7204','72','KABUPATEN POSO'),
	('7205','72','KABUPATEN DONGGALA'),
	('7206','72','KABUPATEN TOLI-TOLI'),
	('7207','72','KABUPATEN BUOL'),
	('7208','72','KABUPATEN PARIGI MOUTONG'),
	('7209','72','KABUPATEN TOJO UNA-UNA'),
	('7210','72','KABUPATEN SIGI'),
	('7211','72','KABUPATEN BANGGAI LAUT'),
	('7212','72','KABUPATEN MOROWALI UTARA'),
	('7271','72','KOTA PALU'),
	('7301','73','KABUPATEN KEPULAUAN SELAYAR'),
	('7302','73','KABUPATEN BULUKUMBA'),
	('7303','73','KABUPATEN BANTAENG'),
	('7304','73','KABUPATEN JENEPONTO'),
	('7305','73','KABUPATEN TAKALAR'),
	('7306','73','KABUPATEN GOWA'),
	('7307','73','KABUPATEN SINJAI'),
	('7308','73','KABUPATEN MAROS'),
	('7309','73','KABUPATEN PANGKAJENE DAN KEPULAUAN'),
	('7310','73','KABUPATEN BARRU'),
	('7311','73','KABUPATEN BONE'),
	('7312','73','KABUPATEN SOPPENG'),
	('7313','73','KABUPATEN WAJO'),
	('7314','73','KABUPATEN SIDENRENG RAPPANG'),
	('7315','73','KABUPATEN PINRANG'),
	('7316','73','KABUPATEN ENREKANG'),
	('7317','73','KABUPATEN LUWU'),
	('7318','73','KABUPATEN TANA TORAJA'),
	('7322','73','KABUPATEN LUWU UTARA'),
	('7325','73','KABUPATEN LUWU TIMUR'),
	('7326','73','KABUPATEN TORAJA UTARA'),
	('7371','73','KOTA MAKASSAR'),
	('7372','73','KOTA PAREPARE'),
	('7373','73','KOTA PALOPO'),
	('7401','74','KABUPATEN BUTON'),
	('7402','74','KABUPATEN MUNA'),
	('7403','74','KABUPATEN KONAWE'),
	('7404','74','KABUPATEN KOLAKA'),
	('7405','74','KABUPATEN KONAWE SELATAN'),
	('7406','74','KABUPATEN BOMBANA'),
	('7407','74','KABUPATEN WAKATOBI'),
	('7408','74','KABUPATEN KOLAKA UTARA'),
	('7409','74','KABUPATEN BUTON UTARA'),
	('7410','74','KABUPATEN KONAWE UTARA'),
	('7411','74','KABUPATEN KOLAKA TIMUR'),
	('7412','74','KABUPATEN KONAWE KEPULAUAN'),
	('7413','74','KABUPATEN MUNA BARAT'),
	('7414','74','KABUPATEN BUTON TENGAH'),
	('7415','74','KABUPATEN BUTON SELATAN'),
	('7471','74','KOTA KENDARI'),
	('7472','74','KOTA BAUBAU'),
	('7501','75','KABUPATEN BOALEMO'),
	('7502','75','KABUPATEN GORONTALO'),
	('7503','75','KABUPATEN POHUWATO'),
	('7504','75','KABUPATEN BONE BOLANGO'),
	('7505','75','KABUPATEN GORONTALO UTARA'),
	('7571','75','KOTA GORONTALO'),
	('7601','76','KABUPATEN MAJENE'),
	('7602','76','KABUPATEN POLEWALI MANDAR'),
	('7603','76','KABUPATEN MAMASA'),
	('7604','76','KABUPATEN MAMUJU'),
	('7605','76','KABUPATEN MAMUJU UTARA'),
	('7606','76','KABUPATEN MAMUJU TENGAH'),
	('8101','81','KABUPATEN MALUKU TENGGARA BARAT'),
	('8102','81','KABUPATEN MALUKU TENGGARA'),
	('8103','81','KABUPATEN MALUKU TENGAH'),
	('8104','81','KABUPATEN BURU'),
	('8105','81','KABUPATEN KEPULAUAN ARU'),
	('8106','81','KABUPATEN SERAM BAGIAN BARAT'),
	('8107','81','KABUPATEN SERAM BAGIAN TIMUR'),
	('8108','81','KABUPATEN MALUKU BARAT DAYA'),
	('8109','81','KABUPATEN BURU SELATAN'),
	('8171','81','KOTA AMBON'),
	('8172','81','KOTA TUAL'),
	('8201','82','KABUPATEN HALMAHERA BARAT'),
	('8202','82','KABUPATEN HALMAHERA TENGAH'),
	('8203','82','KABUPATEN KEPULAUAN SULA'),
	('8204','82','KABUPATEN HALMAHERA SELATAN'),
	('8205','82','KABUPATEN HALMAHERA UTARA'),
	('8206','82','KABUPATEN HALMAHERA TIMUR'),
	('8207','82','KABUPATEN PULAU MOROTAI'),
	('8208','82','KABUPATEN PULAU TALIABU'),
	('8271','82','KOTA TERNATE'),
	('8272','82','KOTA TIDORE KEPULAUAN'),
	('9101','91','KABUPATEN FAKFAK'),
	('9102','91','KABUPATEN KAIMANA'),
	('9103','91','KABUPATEN TELUK WONDAMA'),
	('9104','91','KABUPATEN TELUK BINTUNI'),
	('9105','91','KABUPATEN MANOKWARI'),
	('9106','91','KABUPATEN SORONG SELATAN'),
	('9107','91','KABUPATEN SORONG'),
	('9108','91','KABUPATEN RAJA AMPAT'),
	('9109','91','KABUPATEN TAMBRAUW'),
	('9110','91','KABUPATEN MAYBRAT'),
	('9111','91','KABUPATEN MANOKWARI SELATAN'),
	('9112','91','KABUPATEN PEGUNUNGAN ARFAK'),
	('9171','91','KOTA SORONG'),
	('9401','94','KABUPATEN MERAUKE'),
	('9402','94','KABUPATEN JAYAWIJAYA'),
	('9403','94','KABUPATEN JAYAPURA'),
	('9404','94','KABUPATEN NABIRE'),
	('9408','94','KABUPATEN KEPULAUAN YAPEN'),
	('9409','94','KABUPATEN BIAK NUMFOR'),
	('9410','94','KABUPATEN PANIAI'),
	('9411','94','KABUPATEN PUNCAK JAYA'),
	('9412','94','KABUPATEN MIMIKA'),
	('9413','94','KABUPATEN BOVEN DIGOEL'),
	('9414','94','KABUPATEN MAPPI'),
	('9415','94','KABUPATEN ASMAT'),
	('9416','94','KABUPATEN YAHUKIMO'),
	('9417','94','KABUPATEN PEGUNUNGAN BINTANG'),
	('9418','94','KABUPATEN TOLIKARA'),
	('9419','94','KABUPATEN SARMI'),
	('9420','94','KABUPATEN KEEROM'),
	('9426','94','KABUPATEN WAROPEN'),
	('9427','94','KABUPATEN SUPIORI'),
	('9428','94','KABUPATEN MAMBERAMO RAYA'),
	('9429','94','KABUPATEN NDUGA'),
	('9430','94','KABUPATEN LANNY JAYA'),
	('9431','94','KABUPATEN MAMBERAMO TENGAH'),
	('9432','94','KABUPATEN YALIMO'),
	('9433','94','KABUPATEN PUNCAK'),
	('9434','94','KABUPATEN DOGIYAI'),
	('9435','94','KABUPATEN INTAN JAYA'),
	('9436','94','KABUPATEN DEIYAI'),
	('9471','94','KOTA JAYAPURA');

/*!40000 ALTER TABLE `cities` ENABLE KEYS */;
UNLOCK TABLES;


# Dump of table keuangan_dispensasi
# ------------------------------------------------------------

DROP TABLE IF EXISTS `keuangan_dispensasi`;

CREATE TABLE `keuangan_dispensasi` (
  `id` int(11) NOT NULL AUTO_INCREMENT,
  `th_akademik_id` int(11) DEFAULT NULL,
  `nim` char(20) DEFAULT NULL,
  `keterangan` varchar(255) DEFAULT NULL,
  `user_id` int(11) DEFAULT NULL,
  `created_at` timestamp NULL DEFAULT NULL,
  `updated_at` timestamp NULL DEFAULT NULL,
  PRIMARY KEY (`id`),
  UNIQUE KEY `th_akademik_id` (`th_akademik_id`,`nim`) USING BTREE
) ENGINE=InnoDB DEFAULT CHARSET=latin1;

LOCK TABLES `keuangan_dispensasi` WRITE;
/*!40000 ALTER TABLE `keuangan_dispensasi` DISABLE KEYS */;

INSERT INTO `keuangan_dispensasi` (`id`, `th_akademik_id`, `nim`, `keterangan`, `user_id`, `created_at`, `updated_at`)
VALUES
	(2,1,'18010001','belum bisa bayar SPP',2,'2018-10-03 13:56:21','2018-10-03 13:56:21'),
	(3,1,'17010001','sss',2,'2018-10-03 14:01:29','2018-10-03 14:01:29'),
	(4,1,'18010002','Telat Bayar Kuliah',8,'2018-10-07 12:22:38','2018-10-07 12:22:38'),
	(5,1,'18020002','test',8,'2018-10-11 05:55:52','2018-10-11 05:55:52');

/*!40000 ALTER TABLE `keuangan_dispensasi` ENABLE KEYS */;
UNLOCK TABLES;


# Dump of table keuangan_pembayaran
# ------------------------------------------------------------

DROP TABLE IF EXISTS `keuangan_pembayaran`;

CREATE TABLE `keuangan_pembayaran` (
  `id` int(11) NOT NULL AUTO_INCREMENT,
  `nomor` char(20) NOT NULL,
  `tanggal` date NOT NULL,
  `th_akademik_id` int(11) NOT NULL,
  `tagihan_id` int(11) NOT NULL,
  `nim` char(20) NOT NULL,
  `smt` int(11) DEFAULT NULL,
  `jml_sks` int(11) DEFAULT NULL,
  `jumlah` double NOT NULL,
  `user_id` int(11) DEFAULT NULL,
  `created_at` timestamp NULL DEFAULT NULL,
  `updated_at` timestamp NULL DEFAULT NULL,
  PRIMARY KEY (`id`),
  UNIQUE KEY `nomor` (`nomor`)
) ENGINE=InnoDB DEFAULT CHARSET=latin1;

LOCK TABLES `keuangan_pembayaran` WRITE;
/*!40000 ALTER TABLE `keuangan_pembayaran` DISABLE KEYS */;

INSERT INTO `keuangan_pembayaran` (`id`, `nomor`, `tanggal`, `th_akademik_id`, `tagihan_id`, `nim`, `smt`, `jml_sks`, `jumlah`, `user_id`, `created_at`, `updated_at`)
VALUES
	(1,'20180001','2018-10-03',1,1,'18010001',NULL,NULL,1000000,2,'2018-10-03 10:11:25','2018-10-03 10:11:25'),
	(2,'20180002','2018-10-03',1,3,'17010001',NULL,NULL,1200000,2,'2018-10-03 10:16:27','2018-10-03 10:16:27'),
	(3,'20180003','2018-10-03',1,3,'17010001',NULL,NULL,500000,2,'2018-10-03 10:17:27','2018-10-03 10:17:27'),
	(4,'20180004','2018-10-03',1,4,'17010001',NULL,NULL,1500000,2,'2018-10-03 11:41:05','2018-10-03 11:41:05'),
	(5,'20180005','2018-10-07',1,1,'18010003',NULL,NULL,1000000,8,'2018-10-07 12:11:32','2018-10-07 12:11:32'),
	(6,'20180006','2018-10-09',1,5,'17010001',NULL,NULL,1500000,8,'2018-10-09 07:30:15','2018-10-09 07:30:15'),
	(7,'20180007','2018-10-12',1,1,'18010001',NULL,NULL,1500000,8,'2018-10-12 02:48:15','2018-10-12 02:48:15'),
	(8,'20180008','2018-11-01',1,6,'17010001',3,4,60000,8,'2018-11-01 02:35:50','2018-11-01 02:35:50'),
	(9,'20180009','2018-11-01',1,1,'18010002',1,1,1000000,8,'2018-11-01 03:16:14','2018-11-01 03:16:14'),
	(10,'20180010','2018-11-01',1,1,'18010002',1,1,500000,8,'2018-11-01 03:17:47','2018-11-01 03:17:47'),
	(11,'20180011','2018-11-01',1,1,'18010002',1,1,500000,8,'2018-11-01 03:30:11','2018-11-01 03:30:11'),
	(12,'20180012','2018-11-01',1,1,'18010002',1,1,100000,8,'2018-11-01 03:31:14','2018-11-01 03:31:14'),
	(13,'20180013','2018-11-01',1,1,'18010002',1,1,100000,8,'2018-11-01 03:32:38','2018-11-01 03:32:38'),
	(14,'20180014','2018-11-01',1,1,'18010002',1,1,100000,8,'2018-11-01 03:36:33','2018-11-01 03:36:33'),
	(15,'20180015','2018-11-01',1,1,'18010002',1,1,100000,8,'2018-11-01 03:38:32','2018-11-01 03:38:32'),
	(16,'20180016','2018-11-01',1,3,'17010001',3,1,100000,8,'2018-11-01 03:48:20','2018-11-01 03:48:20'),
	(17,'20180017','2018-11-01',1,3,'17010001',3,1,100000,8,'2018-11-01 03:50:24','2018-11-01 03:50:24'),
	(18,'20180018','2018-11-01',1,1,'18010003',1,1,100000,8,'2018-11-01 03:57:36','2018-11-01 03:57:36'),
	(19,'20180019','2018-11-01',1,1,'18010003',1,1,100000,8,'2018-11-01 03:58:35','2018-11-01 03:58:35'),
	(20,'20180020','2018-11-01',1,1,'18010002',1,1,1,8,'2018-11-01 05:11:22','2018-11-01 05:11:22'),
	(21,'20180021','2018-11-01',1,1,'18010002',1,1,1,8,'2018-11-01 05:12:32','2018-11-01 05:12:32'),
	(22,'20180022','2018-11-01',1,1,'18010002',1,1,1,8,'2018-11-01 07:09:41','2018-11-01 07:09:41'),
	(23,'20180023','2018-11-01',1,1,'18010002',1,1,2,8,'2018-11-01 07:11:54','2018-11-01 07:11:54'),
	(24,'20180024','2018-11-01',1,1,'18010002',1,1,2,8,'2018-11-01 07:16:38','2018-11-01 07:16:38'),
	(25,'20180025','2018-11-01',1,1,'18010002',1,1,5,8,'2018-11-01 07:18:23','2018-11-01 07:18:23'),
	(26,'20180026','2018-11-01',1,1,'18010002',1,1,5,8,'2018-11-01 07:21:18','2018-11-01 07:21:18');

/*!40000 ALTER TABLE `keuangan_pembayaran` ENABLE KEYS */;
UNLOCK TABLES;


# Dump of table keuangan_tagihan
# ------------------------------------------------------------

DROP TABLE IF EXISTS `keuangan_tagihan`;

CREATE TABLE `keuangan_tagihan` (
  `id` int(11) NOT NULL AUTO_INCREMENT,
  `th_akademik_id` int(11) DEFAULT NULL,
  `th_angkatan_id` int(11) DEFAULT NULL,
  `prodi_id` int(11) DEFAULT NULL,
  `kelas_id` int(11) DEFAULT NULL,
  `form_schadule_id` int(11) DEFAULT NULL,
  `kode` varchar(50) DEFAULT NULL,
  `nama` varchar(255) DEFAULT NULL,
  `jumlah` double DEFAULT NULL,
  `x_sks` enum('Y','T') DEFAULT NULL,
  `user_id` int(11) DEFAULT NULL,
  `created_at` timestamp NULL DEFAULT NULL,
  `updated_at` timestamp NULL DEFAULT NULL,
  PRIMARY KEY (`id`)
) ENGINE=InnoDB DEFAULT CHARSET=latin1;

LOCK TABLES `keuangan_tagihan` WRITE;
/*!40000 ALTER TABLE `keuangan_tagihan` DISABLE KEYS */;

INSERT INTO `keuangan_tagihan` (`id`, `th_akademik_id`, `th_angkatan_id`, `prodi_id`, `kelas_id`, `form_schadule_id`, `kode`, `nama`, `jumlah`, `x_sks`, `user_id`, `created_at`, `updated_at`)
VALUES
	(1,1,1,1,6,1,'11161','SPP',2500000,NULL,2,'2018-10-03 06:15:17','2018-10-03 06:15:17'),
	(2,1,1,2,6,1,'11261','SPP',3000000,NULL,2,'2018-10-03 06:19:27','2018-10-03 06:19:27'),
	(3,1,2,1,6,1,'12161','SPP',2000000,NULL,2,'2018-10-03 06:33:08','2018-10-03 06:33:08'),
	(4,3,2,1,6,1,'32161','SPP',2000000,NULL,2,'2018-10-03 10:22:56','2018-10-03 10:22:56'),
	(5,3,2,1,6,2,'32162','Tagihan Wisuda',1500000,NULL,8,'2018-10-09 07:22:38','2018-10-09 07:22:38'),
	(6,1,2,1,6,1,'12161','Tagihan SKS',15000,'Y',8,'2018-11-01 01:50:45','2018-11-01 01:50:45');

/*!40000 ALTER TABLE `keuangan_tagihan` ENABLE KEYS */;
UNLOCK TABLES;


# Dump of table kuesioner_jawaban
# ------------------------------------------------------------

DROP TABLE IF EXISTS `kuesioner_jawaban`;

CREATE TABLE `kuesioner_jawaban` (
  `id` int(11) NOT NULL AUTO_INCREMENT,
  `th_akademik_id` int(11) DEFAULT NULL,
  `nim` char(20) DEFAULT NULL,
  `dosen_id` int(11) DEFAULT NULL,
  `kekurangan` varchar(255) DEFAULT NULL,
  `kelebihan` varchar(255) DEFAULT NULL,
  `user_id` int(11) DEFAULT NULL,
  `created_at` timestamp NULL DEFAULT NULL,
  `updated_at` timestamp NULL DEFAULT NULL,
  PRIMARY KEY (`id`)
) ENGINE=InnoDB DEFAULT CHARSET=latin1;

LOCK TABLES `kuesioner_jawaban` WRITE;
/*!40000 ALTER TABLE `kuesioner_jawaban` DISABLE KEYS */;

INSERT INTO `kuesioner_jawaban` (`id`, `th_akademik_id`, `nim`, `dosen_id`, `kekurangan`, `kelebihan`, `user_id`, `created_at`, `updated_at`)
VALUES
	(1,1,'18010001',1,'test','test',11,'2018-10-30 04:51:27','2018-10-30 04:51:27'),
	(2,1,'18010001',2,'cukup','cukup',11,'2018-10-30 04:51:42','2018-10-30 04:51:42'),
	(3,1,'18010003',1,'tidak ada celah','sangat memuaskan',14,'2020-02-19 08:51:58','2020-02-19 08:51:58'),
	(4,1,'18010003',2,'kurang ganteng','sangat cerdas',14,'2020-02-19 08:52:40','2020-02-19 08:52:40');

/*!40000 ALTER TABLE `kuesioner_jawaban` ENABLE KEYS */;
UNLOCK TABLES;


# Dump of table kuesioner_jawaban_detail
# ------------------------------------------------------------

DROP TABLE IF EXISTS `kuesioner_jawaban_detail`;

CREATE TABLE `kuesioner_jawaban_detail` (
  `id` int(11) NOT NULL AUTO_INCREMENT,
  `pertanyaan_id` int(11) DEFAULT NULL,
  `jawaban_id` int(11) DEFAULT NULL,
  `jawab` varchar(100) DEFAULT NULL,
  `nilai` int(11) DEFAULT NULL,
  `user_id` int(11) DEFAULT NULL,
  `created_at` timestamp NULL DEFAULT NULL,
  `updated_at` timestamp NULL DEFAULT NULL,
  PRIMARY KEY (`id`)
) ENGINE=InnoDB DEFAULT CHARSET=latin1;

LOCK TABLES `kuesioner_jawaban_detail` WRITE;
/*!40000 ALTER TABLE `kuesioner_jawaban_detail` DISABLE KEYS */;

INSERT INTO `kuesioner_jawaban_detail` (`id`, `pertanyaan_id`, `jawaban_id`, `jawab`, `nilai`, `user_id`, `created_at`, `updated_at`)
VALUES
	(1,1,1,'MEMUASKAN',5,11,'2018-10-30 04:51:27','2018-10-30 04:51:27'),
	(2,3,1,'AMAT BAIK',4,11,'2018-10-30 04:51:27','2018-10-30 04:51:27'),
	(3,4,1,'BAIK',3,11,'2018-10-30 04:51:27','2018-10-30 04:51:27'),
	(4,1,2,'CUKUP',2,11,'2018-10-30 04:51:42','2018-10-30 04:51:42'),
	(5,3,2,'CUKUP',2,11,'2018-10-30 04:51:42','2018-10-30 04:51:42'),
	(6,4,2,'CUKUP',2,11,'2018-10-30 04:51:42','2018-10-30 04:51:42'),
	(7,1,3,'MEMUASKAN',5,14,'2020-02-19 08:51:58','2020-02-19 08:51:58'),
	(8,3,3,'MEMUASKAN',5,14,'2020-02-19 08:51:58','2020-02-19 08:51:58'),
	(9,4,3,'MEMUASKAN',5,14,'2020-02-19 08:51:59','2020-02-19 08:51:59'),
	(10,1,4,'AMAT BAIK',4,14,'2020-02-19 08:52:40','2020-02-19 08:52:40'),
	(11,3,4,'AMAT BAIK',4,14,'2020-02-19 08:52:40','2020-02-19 08:52:40'),
	(12,4,4,'AMAT BAIK',4,14,'2020-02-19 08:52:40','2020-02-19 08:52:40');

/*!40000 ALTER TABLE `kuesioner_jawaban_detail` ENABLE KEYS */;
UNLOCK TABLES;


# Dump of table kuesioner_pertanyaan
# ------------------------------------------------------------

DROP TABLE IF EXISTS `kuesioner_pertanyaan`;

CREATE TABLE `kuesioner_pertanyaan` (
  `id` int(11) NOT NULL AUTO_INCREMENT,
  `pertanyaan` varchar(255) DEFAULT NULL,
  `aktif` enum('Y','T') DEFAULT 'Y',
  `user_id` int(11) DEFAULT NULL,
  `created_at` timestamp NULL DEFAULT NULL,
  `updated_at` timestamp NULL DEFAULT NULL,
  PRIMARY KEY (`id`)
) ENGINE=InnoDB DEFAULT CHARSET=latin1;

LOCK TABLES `kuesioner_pertanyaan` WRITE;
/*!40000 ALTER TABLE `kuesioner_pertanyaan` DISABLE KEYS */;

INSERT INTO `kuesioner_pertanyaan` (`id`, `pertanyaan`, `aktif`, `user_id`, `created_at`, `updated_at`)
VALUES
	(1,'Ketepatan waktu akhir mengajar','Y',8,'2018-10-11 14:52:25','2018-10-11 14:52:25'),
	(3,'Kerapihan berpakaian pada waktu mengajar','Y',8,'2018-10-11 15:09:04','2018-10-11 15:09:20'),
	(4,'Pemberian Motivasi kepada mahasiswa','Y',8,'2018-10-11 15:09:53','2018-10-11 15:10:12');

/*!40000 ALTER TABLE `kuesioner_pertanyaan` ENABLE KEYS */;
UNLOCK TABLES;


# Dump of table kuesioner_pertanyaan_pilihan
# ------------------------------------------------------------

DROP TABLE IF EXISTS `kuesioner_pertanyaan_pilihan`;

CREATE TABLE `kuesioner_pertanyaan_pilihan` (
  `id` int(11) NOT NULL AUTO_INCREMENT,
  `kuesioner_pertanyaan_id` int(11) DEFAULT NULL,
  `pilihan` varchar(100) DEFAULT NULL,
  `nilai` int(11) DEFAULT NULL,
  `user_id` int(11) DEFAULT NULL,
  `created_at` timestamp NULL DEFAULT NULL,
  `updated_at` timestamp NULL DEFAULT NULL,
  PRIMARY KEY (`id`)
) ENGINE=InnoDB DEFAULT CHARSET=latin1;

LOCK TABLES `kuesioner_pertanyaan_pilihan` WRITE;
/*!40000 ALTER TABLE `kuesioner_pertanyaan_pilihan` DISABLE KEYS */;

INSERT INTO `kuesioner_pertanyaan_pilihan` (`id`, `kuesioner_pertanyaan_id`, `pilihan`, `nilai`, `user_id`, `created_at`, `updated_at`)
VALUES
	(1,1,'MEMUASKAN',5,8,'2018-10-11 14:52:25','2018-10-11 14:52:25'),
	(2,1,'AMAT BAIK',4,8,'2018-10-11 14:52:25','2018-10-11 14:52:25'),
	(3,1,'BAIK',3,8,'2018-10-11 14:52:25','2018-10-11 14:52:25'),
	(4,1,'CUKUP',2,8,'2018-10-11 14:52:25','2018-10-11 14:52:25'),
	(5,1,'KURANG',1,8,'2018-10-11 14:52:25','2018-10-11 14:52:25'),
	(11,3,'MEMUASKAN',5,8,'2018-10-11 15:09:20','2018-10-11 15:09:20'),
	(12,3,'AMAT BAIK',4,8,'2018-10-11 15:09:20','2018-10-11 15:09:20'),
	(13,3,'BAIK',3,8,'2018-10-11 15:09:20','2018-10-11 15:09:20'),
	(14,3,'CUKUP',2,8,'2018-10-11 15:09:20','2018-10-11 15:09:20'),
	(15,3,'KURANG',1,8,'2018-10-11 15:09:20','2018-10-11 15:09:20'),
	(21,4,'MEMUASKAN',5,8,'2018-10-11 15:10:12','2018-10-11 15:10:12'),
	(22,4,'AMAT BAIK',4,8,'2018-10-11 15:10:12','2018-10-11 15:10:12'),
	(23,4,'BAIK',3,8,'2018-10-11 15:10:12','2018-10-11 15:10:12'),
	(24,4,'CUKUP',2,8,'2018-10-11 15:10:12','2018-10-11 15:10:12'),
	(25,4,'KURANG',1,8,'2018-10-11 15:10:12','2018-10-11 15:10:12');

/*!40000 ALTER TABLE `kuesioner_pertanyaan_pilihan` ENABLE KEYS */;
UNLOCK TABLES;


# Dump of table migrations
# ------------------------------------------------------------

DROP TABLE IF EXISTS `migrations`;

CREATE TABLE `migrations` (
  `id` int(10) unsigned NOT NULL AUTO_INCREMENT,
  `migration` varchar(255) COLLATE utf8mb4_unicode_ci NOT NULL,
  `batch` int(11) NOT NULL,
  PRIMARY KEY (`id`)
) ENGINE=InnoDB DEFAULT CHARSET=utf8mb4 COLLATE=utf8mb4_unicode_ci;

LOCK TABLES `migrations` WRITE;
/*!40000 ALTER TABLE `migrations` DISABLE KEYS */;

INSERT INTO `migrations` (`id`, `migration`, `batch`)
VALUES
	(1,'2014_10_12_000000_create_users_table',1),
	(2,'2014_10_12_100000_create_password_resets_table',1);

/*!40000 ALTER TABLE `migrations` ENABLE KEYS */;
UNLOCK TABLES;


# Dump of table mst_dosen
# ------------------------------------------------------------

DROP TABLE IF EXISTS `mst_dosen`;

CREATE TABLE `mst_dosen` (
  `id` int(11) NOT NULL AUTO_INCREMENT,
  `prodi_id` int(11) DEFAULT NULL,
  `kode` char(10) DEFAULT NULL,
  `nidn` varchar(50) DEFAULT NULL,
  `nama` varchar(255) DEFAULT NULL,
  `jk_id` int(11) DEFAULT NULL,
  `tempat_lahir` varchar(100) DEFAULT NULL,
  `tanggal_lahir` date DEFAULT NULL,
  `alamat` varchar(255) DEFAULT NULL,
  `kota_id` int(11) DEFAULT NULL,
  `email` varchar(100) DEFAULT NULL,
  `hp` varchar(100) DEFAULT NULL,
  `dosen_status_id` int(11) DEFAULT NULL,
  `user_id` int(11) DEFAULT NULL,
  `created_at` timestamp NULL DEFAULT NULL,
  `updated_at` timestamp NULL DEFAULT NULL,
  PRIMARY KEY (`id`)
) ENGINE=InnoDB DEFAULT CHARSET=latin1;

LOCK TABLES `mst_dosen` WRITE;
/*!40000 ALTER TABLE `mst_dosen` DISABLE KEYS */;

INSERT INTO `mst_dosen` (`id`, `prodi_id`, `kode`, `nidn`, `nama`, `jk_id`, `tempat_lahir`, `tanggal_lahir`, `alamat`, `kota_id`, `email`, `hp`, `dosen_status_id`, `user_id`, `created_at`, `updated_at`)
VALUES
	(1,1,'1001','12345','Deddy Rusdiansyah,S.Kom,M.Kom',8,'KABUPATEN PANDEGLANG','1979-08-05','Cimuncang Sidomuncul No.16',3673,'deddy_rusdiansyah@yahoo.com','087774846856',23,8,'2018-10-02 18:33:15','2018-10-06 17:45:53'),
	(2,2,'2001','32145','Deddy Rusdiansyah,M.Kom',8,'KABUPATEN PANDEGLANG','1979-08-05','Cimuncang',3673,'deddy.rusdiansyah@gmail.com','087774846856',23,2,'2018-10-03 00:11:56','2018-10-03 00:11:56'),
	(3,2,'1122','0','Dosen Tetap',8,'KOTA SERANG','2018-10-11','serang',3673,'tetapdosen@gmail.com','123',23,8,'2018-10-11 02:34:19','2018-10-11 02:34:19'),
	(7,2,'10002','0425107004','A. HIDAYAT, SPd., SE., MSi.',8,NULL,NULL,NULL,NULL,NULL,NULL,23,8,'2018-10-26 09:26:53','2018-10-26 09:26:53'),
	(8,2,'10010','0425076804','DAYATULLAH, SE.,MM.',8,NULL,NULL,NULL,NULL,NULL,NULL,23,8,'2018-10-26 09:26:53','2018-10-26 09:26:53'),
	(9,1,'20050','0402127904','DESTY ENDRAWATI SUBROTO, SS.,M.Pd',9,NULL,NULL,NULL,NULL,NULL,NULL,23,8,'2018-10-26 09:26:53','2018-10-26 09:26:53');

/*!40000 ALTER TABLE `mst_dosen` ENABLE KEYS */;
UNLOCK TABLES;


# Dump of table mst_form_schadule
# ------------------------------------------------------------

DROP TABLE IF EXISTS `mst_form_schadule`;

CREATE TABLE `mst_form_schadule` (
  `id` int(11) NOT NULL AUTO_INCREMENT,
  `kode` char(10) NOT NULL,
  `nama` varchar(255) DEFAULT NULL,
  `tgl_mulai` date NOT NULL,
  `tgl_selesai` date NOT NULL,
  `aktif` enum('Y','T') DEFAULT NULL,
  `user_id` int(11) DEFAULT NULL,
  `created_at` timestamp NULL DEFAULT NULL,
  `updated_at` timestamp NULL DEFAULT NULL,
  PRIMARY KEY (`id`)
) ENGINE=InnoDB DEFAULT CHARSET=latin1;

LOCK TABLES `mst_form_schadule` WRITE;
/*!40000 ALTER TABLE `mst_form_schadule` DISABLE KEYS */;

INSERT INTO `mst_form_schadule` (`id`, `kode`, `nama`, `tgl_mulai`, `tgl_selesai`, `aktif`, `user_id`, `created_at`, `updated_at`)
VALUES
	(1,'KRS','Kartu Rencana Studi','2018-10-02','2020-04-30','Y',8,'2018-10-02 13:44:19','2020-02-16 13:51:31'),
	(2,'WIS','Formulir Input Wisuda','2018-10-02','2018-10-19','Y',2,'2018-10-02 13:45:11','2018-10-02 13:45:11');

/*!40000 ALTER TABLE `mst_form_schadule` ENABLE KEYS */;
UNLOCK TABLES;


# Dump of table mst_grade_nilai
# ------------------------------------------------------------

DROP TABLE IF EXISTS `mst_grade_nilai`;

CREATE TABLE `mst_grade_nilai` (
  `id` int(11) NOT NULL AUTO_INCREMENT,
  `th_akademik_id` int(11) DEFAULT NULL,
  `nilai_min` float DEFAULT NULL,
  `nilai_max` float DEFAULT NULL,
  `nilai_bobot` int(11) DEFAULT NULL,
  `nilai_huruf` char(5) DEFAULT NULL,
  `predikat` varchar(100) DEFAULT NULL,
  `user_id` int(11) DEFAULT NULL,
  `created_at` timestamp NULL DEFAULT NULL,
  `updated_at` timestamp NULL DEFAULT NULL,
  PRIMARY KEY (`id`)
) ENGINE=InnoDB DEFAULT CHARSET=latin1;

LOCK TABLES `mst_grade_nilai` WRITE;
/*!40000 ALTER TABLE `mst_grade_nilai` DISABLE KEYS */;

INSERT INTO `mst_grade_nilai` (`id`, `th_akademik_id`, `nilai_min`, `nilai_max`, `nilai_bobot`, `nilai_huruf`, `predikat`, `user_id`, `created_at`, `updated_at`)
VALUES
	(1,2,0,34,0,'E','GAGAL',8,'2018-10-02 16:18:14','2018-10-02 16:24:47'),
	(2,2,35,54,1,'D','KURANG',8,'2018-10-02 16:24:34','2018-10-02 16:25:18'),
	(3,2,55,69,2,'C','CUKUP',8,'2018-10-02 16:26:35','2018-10-02 16:26:50'),
	(4,2,70,79,3,'B','BAIK',8,'2018-10-02 16:27:15','2018-10-02 16:27:15'),
	(5,2,80,100,4,'A','SANGAT BAIK',8,'2018-10-02 16:27:35','2018-10-02 16:27:35'),
	(6,2,10,20,2,'C+','Baik',8,'2020-02-16 13:08:38','2020-02-16 13:08:38');

/*!40000 ALTER TABLE `mst_grade_nilai` ENABLE KEYS */;
UNLOCK TABLES;


# Dump of table mst_komponen_nilai
# ------------------------------------------------------------

DROP TABLE IF EXISTS `mst_komponen_nilai`;

CREATE TABLE `mst_komponen_nilai` (
  `id` int(11) NOT NULL AUTO_INCREMENT,
  `kode` char(10) DEFAULT NULL,
  `nama` varchar(100) DEFAULT NULL,
  `bobot` int(11) DEFAULT NULL,
  `user_id` int(11) DEFAULT NULL,
  `created_at` timestamp NULL DEFAULT NULL,
  `updated_at` timestamp NULL DEFAULT NULL,
  PRIMARY KEY (`id`)
) ENGINE=InnoDB DEFAULT CHARSET=latin1;

LOCK TABLES `mst_komponen_nilai` WRITE;
/*!40000 ALTER TABLE `mst_komponen_nilai` DISABLE KEYS */;

INSERT INTO `mst_komponen_nilai` (`id`, `kode`, `nama`, `bobot`, `user_id`, `created_at`, `updated_at`)
VALUES
	(1,'N1','SIKAP',20,8,'2018-10-02 15:29:11','2018-10-02 15:37:46'),
	(2,'N2','Tugas',15,8,'2018-10-02 15:29:22','2018-10-02 15:37:39'),
	(3,'N3','UTS',25,8,'2018-10-02 15:30:33','2018-10-02 15:37:13'),
	(4,'N4','UAS',40,8,'2018-10-02 15:34:47','2018-10-02 15:37:30');

/*!40000 ALTER TABLE `mst_komponen_nilai` ENABLE KEYS */;
UNLOCK TABLES;


# Dump of table mst_matakuliah
# ------------------------------------------------------------

DROP TABLE IF EXISTS `mst_matakuliah`;

CREATE TABLE `mst_matakuliah` (
  `id` int(11) NOT NULL AUTO_INCREMENT,
  `prodi_id` int(11) DEFAULT NULL,
  `kode` char(10) DEFAULT NULL,
  `nama` varchar(100) DEFAULT NULL,
  `sks` int(11) DEFAULT NULL,
  `smt` int(11) DEFAULT NULL,
  `aktif` enum('Y','T') DEFAULT NULL,
  `user_id` int(11) DEFAULT NULL,
  `created_at` timestamp NULL DEFAULT NULL,
  `updated_at` timestamp NULL DEFAULT NULL,
  PRIMARY KEY (`id`)
) ENGINE=InnoDB DEFAULT CHARSET=latin1;

LOCK TABLES `mst_matakuliah` WRITE;
/*!40000 ALTER TABLE `mst_matakuliah` DISABLE KEYS */;

INSERT INTO `mst_matakuliah` (`id`, `prodi_id`, `kode`, `nama`, `sks`, `smt`, `aktif`, `user_id`, `created_at`, `updated_at`)
VALUES
	(1,1,'MA1-G001','PENDIDIKAN AGAMA',2,1,'Y',8,'2018-10-02 17:35:32','2018-10-02 17:35:32'),
	(2,1,'MA1-G002','PENDIDIKAN PANCASILA DAN KEWARGANEGARAAN',2,1,'Y',8,'2018-10-02 17:38:12','2018-10-02 17:38:12'),
	(3,1,'MA1-G003','BAHASA INGGRIS BISNIS',3,1,'Y',8,'2018-10-02 17:41:45','2018-10-02 17:41:45'),
	(4,1,'MA3-G018','KOMUNIKASI BISNIS',2,3,'Y',8,'2018-10-06 10:18:15','2018-10-06 10:18:15'),
	(5,1,'MA3-G019','TEKNOLOGI INFORMASI BISNIS',3,3,'Y',8,'2018-10-06 10:18:39','2018-10-06 10:18:39'),
	(6,2,'MA1-G001','PENDIDIKAN AGAMA',2,1,'Y',8,'2018-10-11 05:57:37','2018-10-20 03:43:45'),
	(40,2,'MA1-G003','BAHASA INGGRIS BISNIS',3,1,'Y',8,'2018-10-26 08:53:21','2018-10-26 08:53:21'),
	(41,2,'MA1-G004','MATEMATIKA BISNIS',3,1,'Y',8,'2018-10-26 08:53:21','2018-10-26 08:53:21'),
	(42,2,'MA1-G005','PENGANTAR BISNIS',3,1,'Y',8,'2018-10-26 08:53:21','2018-10-26 08:53:21'),
	(43,2,'MA1-G006','PENGANTAR AKUNTANSI',2,1,'Y',8,'2018-10-26 08:53:21','2018-10-26 08:53:21'),
	(44,2,'MA1-G007','PENGANTAR ILMU EKONOMI MIKRO',3,1,'Y',8,'2018-10-26 08:53:21','2018-10-26 08:53:21'),
	(45,2,'MA1-G008','BUDAYA BANTEN',2,1,'Y',8,'2018-10-26 08:53:21','2018-10-26 08:53:21'),
	(46,2,'MA2-G009','PENGANTAR ILMU EKONOMI MAKRO',3,2,'Y',8,'2018-10-26 08:53:21','2018-10-26 08:53:21'),
	(47,2,'MA2-G010','PENGANTAR MANAJEMEN',3,2,'Y',8,'2018-10-26 08:53:21','2018-10-26 08:53:21');

/*!40000 ALTER TABLE `mst_matakuliah` ENABLE KEYS */;
UNLOCK TABLES;


# Dump of table mst_mhs
# ------------------------------------------------------------

DROP TABLE IF EXISTS `mst_mhs`;

CREATE TABLE `mst_mhs` (
  `id` int(11) NOT NULL AUTO_INCREMENT,
  `th_akademik_id` int(11) DEFAULT NULL,
  `prodi_id` int(11) DEFAULT NULL,
  `kelas_id` int(11) DEFAULT NULL,
  `tanggal_masuk` date DEFAULT NULL,
  `nik` varchar(50) DEFAULT NULL,
  `nim` char(20) DEFAULT NULL,
  `nama` varchar(255) DEFAULT NULL,
  `jk_id` int(11) DEFAULT NULL,
  `tempat_lahir` varchar(255) DEFAULT NULL,
  `tanggal_lahir` date DEFAULT NULL,
  `agama_id` int(11) DEFAULT NULL,
  `alamat` varchar(255) DEFAULT NULL,
  `kota_id` int(11) DEFAULT NULL,
  `email` varchar(100) DEFAULT NULL,
  `hp` varchar(100) DEFAULT NULL,
  `nik_ayah` varchar(50) DEFAULT NULL,
  `nama_ayah` varchar(255) DEFAULT NULL,
  `nik_ibu` varchar(50) DEFAULT NULL,
  `nama_ibu` varchar(255) DEFAULT NULL,
  `status_id` int(11) DEFAULT NULL,
  `user_id` int(11) DEFAULT NULL,
  `created_at` timestamp NULL DEFAULT NULL,
  `updated_at` timestamp NULL DEFAULT NULL,
  PRIMARY KEY (`id`),
  UNIQUE KEY `nim` (`nim`)
) ENGINE=InnoDB DEFAULT CHARSET=latin1;

LOCK TABLES `mst_mhs` WRITE;
/*!40000 ALTER TABLE `mst_mhs` DISABLE KEYS */;

INSERT INTO `mst_mhs` (`id`, `th_akademik_id`, `prodi_id`, `kelas_id`, `tanggal_masuk`, `nik`, `nim`, `nama`, `jk_id`, `tempat_lahir`, `tanggal_lahir`, `agama_id`, `alamat`, `kota_id`, `email`, `hp`, `nik_ayah`, `nama_ayah`, `nik_ibu`, `nama_ibu`, `status_id`, `user_id`, `created_at`, `updated_at`)
VALUES
	(1,1,1,6,'2018-10-03','12345','18010001','Deddy Rusdiansyah',8,'KABUPATEN PANDEGLANG','2018-10-03',10,'cimuncang',3673,'deddy.rusdiansyah@siakad.ac.id','087774846856','12345','Mr X','543121','Mrs Z',18,8,'2018-10-03 01:19:59','2018-10-08 12:46:54'),
	(2,2,1,6,'2018-10-03','0','17010001','Mr X',8,'KOTA SERANG','2018-10-03',10,'Disini',3673,'mrx@siakad.ac.id','08777','123','Mr A','321','Mrs B',18,8,'2018-10-03 03:46:49','2018-10-09 07:30:15'),
	(3,1,1,6,'2018-10-03','0','18010002','Danish Putra Pramudya',8,'KOTA SERANG','2018-10-03',10,'Cimuncang Sidomuncul',3673,'danish@gmail.com','0877','1234','Deddy','1234','Ugi',18,8,'2018-10-03 15:58:34','2018-10-08 03:49:56'),
	(4,1,2,6,'2018-10-07','18010001','18020001','Aqilah',9,'KOTA SERANG','2018-10-07',10,'Cimuncang sidomuncul',3673,'aqilah@yahoo.com','0877','1234','Deddy','1234','Ugi',18,8,'2018-10-06 18:06:10','2018-10-06 18:06:10'),
	(5,1,2,6,'2018-10-07','18010002','18020002','Jihan Salsabila',9,'KOTA SERANG','2018-10-07',10,'Cimuncang sidomuncul',3673,'jihan.salsabila@gmail.com','0877','1234','Deddy','1234','Ugi',18,8,'2018-10-07 05:57:03','2018-10-07 05:57:03'),
	(6,1,1,6,'2018-10-07','18010002','18010003','Andi',9,'KOTA SERANG','2018-10-07',10,'Cimuncang sidomuncul',3673,'x@email.com','08777','1','z','1','r',18,8,'2018-10-07 12:08:32','2020-02-20 23:59:06'),
	(8,2,1,6,NULL,NULL,'17010002','SUPARNO',8,NULL,NULL,NULL,NULL,NULL,NULL,NULL,NULL,NULL,NULL,NULL,18,8,'2018-10-26 10:26:47','2018-10-26 10:26:47'),
	(9,1,1,6,'2020-02-23','1234','18010004','Aqilah Putri Prilidianti',9,'KOTA SERANG','2020-02-23',10,'Cimuncang',3673,'aqilah@siakad.ac.id','08777','1234','Deddy','12233','Ibu',18,8,'2020-02-23 03:34:37','2020-02-23 03:34:37');

/*!40000 ALTER TABLE `mst_mhs` ENABLE KEYS */;
UNLOCK TABLES;


# Dump of table mst_pejabat
# ------------------------------------------------------------

DROP TABLE IF EXISTS `mst_pejabat`;

CREATE TABLE `mst_pejabat` (
  `id` int(11) NOT NULL AUTO_INCREMENT,
  `kode` char(10) NOT NULL,
  `nama` varchar(100) DEFAULT NULL,
  `jabatan_id` int(11) NOT NULL,
  `user_id` int(11) DEFAULT NULL,
  `created_at` timestamp NULL DEFAULT NULL,
  `updated_at` timestamp NULL DEFAULT NULL,
  PRIMARY KEY (`id`)
) ENGINE=InnoDB DEFAULT CHARSET=latin1;

LOCK TABLES `mst_pejabat` WRITE;
/*!40000 ALTER TABLE `mst_pejabat` DISABLE KEYS */;

INSERT INTO `mst_pejabat` (`id`, `kode`, `nama`, `jabatan_id`, `user_id`, `created_at`, `updated_at`)
VALUES
	(1,'123','Ujang Ruslan,M.M',29,8,'2018-10-02 17:04:50','2018-10-25 08:10:18'),
	(2,'234','Deddy Rusdiansyah,M.Kom',28,8,'2018-10-02 17:05:08','2018-10-02 17:05:08');

/*!40000 ALTER TABLE `mst_pejabat` ENABLE KEYS */;
UNLOCK TABLES;


# Dump of table mst_prodi
# ------------------------------------------------------------

DROP TABLE IF EXISTS `mst_prodi`;

CREATE TABLE `mst_prodi` (
  `id` int(11) NOT NULL AUTO_INCREMENT,
  `kode` varchar(50) DEFAULT NULL,
  `nama` varchar(255) DEFAULT NULL,
  `aktif` enum('Y','T') DEFAULT 'T',
  `jenjang` char(5) DEFAULT NULL,
  `nidn_kepala` varchar(50) DEFAULT NULL,
  `nama_kepala` varchar(255) DEFAULT NULL,
  `akreditasi` char(5) DEFAULT NULL,
  `color` varchar(50) DEFAULT NULL,
  `user_id` int(11) DEFAULT NULL,
  `created_at` timestamp NULL DEFAULT NULL,
  `updated_at` timestamp NULL DEFAULT NULL,
  PRIMARY KEY (`id`)
) ENGINE=InnoDB DEFAULT CHARSET=latin1;

LOCK TABLES `mst_prodi` WRITE;
/*!40000 ALTER TABLE `mst_prodi` DISABLE KEYS */;

INSERT INTO `mst_prodi` (`id`, `kode`, `nama`, `aktif`, `jenjang`, `nidn_kepala`, `nama_kepala`, `akreditasi`, `color`, `user_id`, `created_at`, `updated_at`)
VALUES
	(1,'62201','AKUNTANSI','Y','S1','123456','Deddy Rusdiansyah,M.Kom','B','#E9967A',8,'2018-10-02 16:43:53','2018-10-02 16:43:53'),
	(2,'61201','MANAJEMEN','Y','S1','123456','Deddy Rusdiansyah,M.Kom','B','#8FBC8F',8,'2018-10-02 16:44:26','2018-10-02 16:44:26');

/*!40000 ALTER TABLE `mst_prodi` ENABLE KEYS */;
UNLOCK TABLES;


# Dump of table mst_pt
# ------------------------------------------------------------

DROP TABLE IF EXISTS `mst_pt`;

CREATE TABLE `mst_pt` (
  `id` int(11) NOT NULL AUTO_INCREMENT,
  `kode` varchar(50) DEFAULT NULL,
  `judul` varchar(100) DEFAULT NULL,
  `nama` varchar(255) DEFAULT NULL,
  `alamat` varchar(255) DEFAULT NULL,
  `kota_id` int(11) DEFAULT NULL,
  `telp` varchar(50) DEFAULT NULL,
  `email` varchar(50) DEFAULT NULL,
  `website` varchar(50) DEFAULT NULL,
  `logo` varchar(100) DEFAULT NULL,
  `favicon` varchar(100) DEFAULT NULL,
  `background` varchar(100) DEFAULT NULL,
  `nidn_ketua` varchar(50) DEFAULT NULL,
  `nama_ketua` varchar(100) DEFAULT NULL,
  `user_id` int(11) DEFAULT NULL,
  `created_at` timestamp NULL DEFAULT NULL,
  `updated_at` timestamp NULL DEFAULT NULL,
  PRIMARY KEY (`id`)
) ENGINE=InnoDB DEFAULT CHARSET=latin1;

LOCK TABLES `mst_pt` WRITE;
/*!40000 ALTER TABLE `mst_pt` DISABLE KEYS */;

INSERT INTO `mst_pt` (`id`, `kode`, `judul`, `nama`, `alamat`, `kota_id`, `telp`, `email`, `website`, `logo`, `favicon`, `background`, `nidn_ketua`, `nama_ketua`, `user_id`, `created_at`, `updated_at`)
VALUES
	(1,'0','Deddy Rusdiansyah','Sekolah Tinggi Ilmu Komputer','Jl. Abudl Latif No.16',3673,'087777787074','deddy.rusdiansyah@gmail.com','http://deddyrusdiansyah.blogspot.com/','logo.png','favicon.ico','background.jpg','1234','Deddy Rusdiansyah',8,NULL,'2020-01-18 08:51:37');

/*!40000 ALTER TABLE `mst_pt` ENABLE KEYS */;
UNLOCK TABLES;


# Dump of table mst_th_akademik
# ------------------------------------------------------------

DROP TABLE IF EXISTS `mst_th_akademik`;

CREATE TABLE `mst_th_akademik` (
  `id` int(11) NOT NULL AUTO_INCREMENT,
  `kode` char(5) DEFAULT NULL,
  `nama` varchar(100) DEFAULT NULL,
  `semester` enum('Ganjil','Genap','Pendek') DEFAULT NULL,
  `aktif` enum('Y','T') DEFAULT NULL,
  `user_id` int(11) DEFAULT NULL,
  `created_at` timestamp NULL DEFAULT NULL,
  `updated_at` timestamp NULL DEFAULT NULL,
  PRIMARY KEY (`id`)
) ENGINE=InnoDB DEFAULT CHARSET=latin1;

LOCK TABLES `mst_th_akademik` WRITE;
/*!40000 ALTER TABLE `mst_th_akademik` DISABLE KEYS */;

INSERT INTO `mst_th_akademik` (`id`, `kode`, `nama`, `semester`, `aktif`, `user_id`, `created_at`, `updated_at`)
VALUES
	(1,'20181','2018/2019','Ganjil','Y',2,'2018-10-02 10:12:56','2018-10-03 00:56:56'),
	(2,'20171','2017/2018','Ganjil',NULL,2,'2018-10-02 10:22:32','2018-10-02 10:22:32'),
	(3,'20172','2017/2018','Genap','T',2,'2018-10-02 10:22:45','2018-10-03 00:56:56');

/*!40000 ALTER TABLE `mst_th_akademik` ENABLE KEYS */;
UNLOCK TABLES;


# Dump of table password_resets
# ------------------------------------------------------------

DROP TABLE IF EXISTS `password_resets`;

CREATE TABLE `password_resets` (
  `email` varchar(255) COLLATE utf8mb4_unicode_ci NOT NULL,
  `token` varchar(255) COLLATE utf8mb4_unicode_ci NOT NULL,
  `created_at` timestamp NULL DEFAULT NULL,
  KEY `password_resets_email_index` (`email`)
) ENGINE=InnoDB DEFAULT CHARSET=utf8mb4 COLLATE=utf8mb4_unicode_ci;



# Dump of table ref
# ------------------------------------------------------------

DROP TABLE IF EXISTS `ref`;

CREATE TABLE `ref` (
  `id` int(11) NOT NULL AUTO_INCREMENT,
  `table` varchar(100) NOT NULL,
  `kode` char(10) NOT NULL,
  `nama` varchar(255) DEFAULT NULL,
  `param` varchar(100) DEFAULT NULL,
  `keterangan` varchar(255) DEFAULT NULL,
  `user_id` int(11) DEFAULT NULL,
  `created_at` timestamp NULL DEFAULT NULL,
  `updated_at` timestamp NULL DEFAULT NULL,
  PRIMARY KEY (`id`)
) ENGINE=InnoDB DEFAULT CHARSET=latin1;

LOCK TABLES `ref` WRITE;
/*!40000 ALTER TABLE `ref` DISABLE KEYS */;

INSERT INTO `ref` (`id`, `table`, `kode`, `nama`, `param`, `keterangan`, `user_id`, `created_at`, `updated_at`)
VALUES
	(1,'RuangKelas','R01','Ruangan 01','2','Kapasitas',8,'2018-10-02 09:40:31','2020-02-23 03:28:19'),
	(2,'RuangKelas','R02','Ruangan 02','2','Kapasitas',8,'2018-10-02 09:41:27','2020-02-23 03:17:33'),
	(3,'Kelompok','A','Kelompok A',NULL,NULL,8,'2018-10-02 09:45:57','2020-02-22 12:48:17'),
	(5,'Kelompok','B','Kelompok B',NULL,NULL,8,'2018-10-02 09:46:55','2020-02-22 12:41:22'),
	(6,'Kelas','REG','Reguler',NULL,NULL,2,'2018-10-02 09:48:30','2018-10-02 09:48:30'),
	(7,'Kelas','NREG','Non Reguler',NULL,NULL,2,'2018-10-02 09:48:47','2018-10-02 09:48:47'),
	(8,'JenisKelamin','L','Laki-laki',NULL,NULL,2,NULL,NULL),
	(9,'JenisKelamin','P','Perempuan',NULL,NULL,2,NULL,NULL),
	(10,'Agama','1','Islam',NULL,NULL,2,NULL,NULL),
	(11,'Agama','2','Kristen',NULL,NULL,2,NULL,NULL),
	(12,'Agama','3','Protestan',NULL,NULL,2,NULL,NULL),
	(13,'Agama','4','Katolik',NULL,NULL,2,NULL,NULL),
	(14,'Agama','5','Hindu',NULL,NULL,2,NULL,NULL),
	(15,'Agama','6','Buddha',NULL,NULL,2,NULL,NULL),
	(16,'Agama','7','Kong Hu Cu',NULL,NULL,2,NULL,NULL),
	(17,'Agama','8','Lainnya',NULL,NULL,2,NULL,NULL),
	(18,'StatusMhs','A','AKTIF',NULL,NULL,2,'2018-10-02 09:54:52','2018-10-02 09:54:52'),
	(19,'StatusMhs','C','CUTI',NULL,NULL,2,'2018-10-02 09:55:02','2018-10-02 09:55:26'),
	(20,'StatusMhs','N','NON-AKTIF',NULL,NULL,2,'2018-10-02 09:55:17','2018-10-02 09:55:17'),
	(22,'StatusMhs','K','KELUAR',NULL,NULL,2,'2018-10-02 09:56:02','2018-10-02 09:59:34'),
	(23,'StatusDosen','01','AKTIF',NULL,NULL,2,'2018-10-02 09:57:43','2018-10-02 09:58:41'),
	(24,'StatusDosen','02','TIDAK AKTIF',NULL,NULL,2,'2018-10-02 09:57:58','2018-10-02 09:58:48'),
	(25,'StatusDosen','03','ALMARHUM',NULL,NULL,2,'2018-10-02 09:58:18','2018-10-02 09:58:55'),
	(26,'StatusMhs','D','DROP OUT',NULL,NULL,2,'2018-10-02 09:59:49','2018-10-03 00:35:29'),
	(27,'StatusMhs','L','LULUS',NULL,NULL,2,'2018-10-02 09:59:57','2018-10-02 09:59:57'),
	(28,'Jabatan','BA','Biro Akademik',NULL,NULL,8,'2018-10-02 10:01:45','2018-10-02 17:01:24'),
	(29,'Jabatan','BU','Biro Umum',NULL,NULL,8,'2018-10-02 10:02:19','2018-10-02 17:01:15'),
	(30,'Kelompok','C','Kelompok C',NULL,NULL,8,'2018-10-03 14:13:14','2020-02-22 12:40:18'),
	(31,'Semester','1','Ganjil',NULL,NULL,NULL,NULL,NULL),
	(32,'Semester','2','Genap',NULL,NULL,NULL,NULL,NULL),
	(33,'Semester','3','Ganjil',NULL,NULL,NULL,NULL,NULL),
	(34,'Semester','4','Genap',NULL,NULL,NULL,NULL,NULL),
	(35,'Semester','5','Ganjil',NULL,NULL,NULL,NULL,NULL),
	(36,'Semester','6','Genap',NULL,NULL,NULL,NULL,NULL),
	(37,'Semester','7','Ganjil',NULL,NULL,NULL,NULL,NULL),
	(38,'Semester','8','Genap',NULL,NULL,NULL,NULL,NULL),
	(39,'Hari','1','Senin',NULL,NULL,NULL,NULL,NULL),
	(40,'Hari','2','Selasa',NULL,NULL,NULL,NULL,NULL),
	(41,'Hari','3','Rabu',NULL,NULL,NULL,NULL,NULL),
	(42,'Hari','4','Kamis',NULL,NULL,NULL,NULL,NULL),
	(43,'Hari','5','Jum\'at',NULL,NULL,NULL,NULL,NULL),
	(44,'Hari','6','Sabtu',NULL,NULL,NULL,NULL,NULL),
	(45,'Hari','7','Minggu',NULL,NULL,NULL,NULL,NULL),
	(46,'UkuranToga','S','S',NULL,NULL,NULL,NULL,NULL),
	(47,'UkuranToga','M','M',NULL,NULL,NULL,NULL,NULL),
	(48,'UkuranToga','L','L',NULL,NULL,NULL,NULL,NULL),
	(49,'UkuranToga','XL','XL',NULL,NULL,NULL,NULL,NULL),
	(50,'UkuranToga','XXL','XXL',NULL,NULL,NULL,NULL,NULL),
	(51,'UkuranToga','XXXL','XXXL',NULL,NULL,NULL,NULL,NULL);

/*!40000 ALTER TABLE `ref` ENABLE KEYS */;
UNLOCK TABLES;


# Dump of table trans_absensi_mhs
# ------------------------------------------------------------

DROP TABLE IF EXISTS `trans_absensi_mhs`;

CREATE TABLE `trans_absensi_mhs` (
  `id` int(11) unsigned NOT NULL AUTO_INCREMENT,
  `trans_jadwal_kuliah_id` int(11) unsigned NOT NULL,
  `tanggal` date NOT NULL,
  `materi` text NOT NULL,
  `user_id` int(11) DEFAULT NULL,
  `created_at` timestamp NOT NULL DEFAULT CURRENT_TIMESTAMP ON UPDATE CURRENT_TIMESTAMP,
  `updated_at` timestamp NULL DEFAULT NULL,
  PRIMARY KEY (`id`)
) ENGINE=InnoDB DEFAULT CHARSET=latin1;

LOCK TABLES `trans_absensi_mhs` WRITE;
/*!40000 ALTER TABLE `trans_absensi_mhs` DISABLE KEYS */;

INSERT INTO `trans_absensi_mhs` (`id`, `trans_jadwal_kuliah_id`, `tanggal`, `materi`, `user_id`, `created_at`, `updated_at`)
VALUES
	(1,1,'2020-02-21','<p>xxx</p>',10,'2020-02-21 16:32:38','2020-02-21 06:32:07'),
	(2,1,'2020-02-21','ke 2',10,'2020-02-21 09:58:16','2020-02-21 09:58:16'),
	(3,6,'2020-02-21','pertemuan ke 1',10,'2020-02-21 10:03:11','2020-02-21 10:03:11'),
	(4,6,'2020-02-21','pertemuan ke 1',10,'2020-02-21 10:53:10','2020-02-21 10:53:10'),
	(5,6,'2020-02-21','pertemuan ke 1',10,'2020-02-21 10:53:27','2020-02-21 10:53:27'),
	(6,8,'2020-02-21','Pertemuan ke 1 update',10,'2020-02-21 17:59:50','2020-02-21 10:59:50'),
	(7,8,'2020-02-21','pertemuan ke 2',10,'2020-02-21 18:24:08','2020-02-21 11:24:08');

/*!40000 ALTER TABLE `trans_absensi_mhs` ENABLE KEYS */;
UNLOCK TABLES;


# Dump of table trans_absensi_mhs_detail
# ------------------------------------------------------------

DROP TABLE IF EXISTS `trans_absensi_mhs_detail`;

CREATE TABLE `trans_absensi_mhs_detail` (
  `id` int(11) unsigned NOT NULL AUTO_INCREMENT,
  `trans_jadwal_kuliah_id` int(11) unsigned NOT NULL,
  `trans_absensi_mhs` int(10) unsigned NOT NULL,
  `nim` char(20) NOT NULL DEFAULT '',
  `status` enum('Hadir','Alpa','Sakit','Ijin') NOT NULL DEFAULT 'Alpa',
  `created_at` timestamp NOT NULL DEFAULT CURRENT_TIMESTAMP ON UPDATE CURRENT_TIMESTAMP,
  `updated_at` timestamp NULL DEFAULT NULL,
  PRIMARY KEY (`id`)
) ENGINE=InnoDB DEFAULT CHARSET=latin1;

LOCK TABLES `trans_absensi_mhs_detail` WRITE;
/*!40000 ALTER TABLE `trans_absensi_mhs_detail` DISABLE KEYS */;

INSERT INTO `trans_absensi_mhs_detail` (`id`, `trans_jadwal_kuliah_id`, `trans_absensi_mhs`, `nim`, `status`, `created_at`, `updated_at`)
VALUES
	(1,1,1,'18010003','Hadir','2020-02-21 16:09:25','2020-02-21 09:09:25'),
	(2,1,1,'18010002','Hadir','2020-02-21 16:10:30','2020-02-21 09:10:30'),
	(3,1,2,'18010002','Hadir','2020-02-21 09:58:16','2020-02-21 09:58:16'),
	(4,1,2,'18010003','Hadir','2020-02-21 09:58:16','2020-02-21 09:58:16'),
	(5,8,6,'17010001','Hadir','2020-02-21 10:58:52','2020-02-21 10:58:52'),
	(6,8,7,'17010001','Hadir','2020-02-21 11:22:56','2020-02-21 11:22:56');

/*!40000 ALTER TABLE `trans_absensi_mhs_detail` ENABLE KEYS */;
UNLOCK TABLES;


# Dump of table trans_info
# ------------------------------------------------------------

DROP TABLE IF EXISTS `trans_info`;

CREATE TABLE `trans_info` (
  `id` int(11) NOT NULL AUTO_INCREMENT,
  `tanggal` date DEFAULT NULL,
  `user_level_id` int(11) DEFAULT NULL,
  `judul` varchar(100) DEFAULT NULL,
  `isi` text,
  `user_id` int(11) DEFAULT NULL,
  `created_at` timestamp NULL DEFAULT NULL,
  `updated_at` timestamp NULL DEFAULT NULL,
  PRIMARY KEY (`id`)
) ENGINE=InnoDB DEFAULT CHARSET=latin1;



# Dump of table trans_jadwal_kuliah
# ------------------------------------------------------------

DROP TABLE IF EXISTS `trans_jadwal_kuliah`;

CREATE TABLE `trans_jadwal_kuliah` (
  `id` int(11) NOT NULL AUTO_INCREMENT,
  `th_akademik_id` int(11) DEFAULT NULL,
  `prodi_id` int(11) DEFAULT NULL,
  `kelas_id` int(11) DEFAULT NULL,
  `kelompok_id` int(11) DEFAULT NULL,
  `smt` int(11) DEFAULT NULL,
  `kurikulum_matakuliah_id` int(11) DEFAULT NULL,
  `dosen_id` int(11) DEFAULT NULL,
  `hari_id` int(11) DEFAULT NULL,
  `ruang_kelas_id` int(11) DEFAULT NULL,
  `jam_mulai` time DEFAULT NULL,
  `jam_selesai` time DEFAULT NULL,
  `user_id` int(11) DEFAULT NULL,
  `created_at` timestamp NULL DEFAULT NULL,
  `updated_at` timestamp NULL DEFAULT NULL,
  PRIMARY KEY (`id`),
  KEY `kurikulum_matakuliah_id` (`kurikulum_matakuliah_id`),
  CONSTRAINT `trans_jadwal_kuliah_ibfk_1` FOREIGN KEY (`kurikulum_matakuliah_id`) REFERENCES `trans_kurikulum_matakuliah` (`id`) ON DELETE CASCADE ON UPDATE CASCADE
) ENGINE=InnoDB DEFAULT CHARSET=latin1;

LOCK TABLES `trans_jadwal_kuliah` WRITE;
/*!40000 ALTER TABLE `trans_jadwal_kuliah` DISABLE KEYS */;

INSERT INTO `trans_jadwal_kuliah` (`id`, `th_akademik_id`, `prodi_id`, `kelas_id`, `kelompok_id`, `smt`, `kurikulum_matakuliah_id`, `dosen_id`, `hari_id`, `ruang_kelas_id`, `jam_mulai`, `jam_selesai`, `user_id`, `created_at`, `updated_at`)
VALUES
	(1,1,1,6,3,1,1,1,39,1,'11:43:00','13:43:00',8,'2018-10-06 06:57:55','2018-10-06 06:57:55'),
	(3,1,1,6,3,1,2,2,42,1,'09:00:00','10:30:00',8,'2018-10-06 09:59:27','2018-10-07 15:51:27'),
	(4,1,1,6,3,3,6,2,45,1,'08:30:30','10:00:30',8,'2018-10-06 10:40:31','2018-10-07 15:55:00'),
	(5,1,1,6,3,1,3,1,44,1,'18:00:30','20:00:30',8,'2018-10-06 12:05:56','2018-10-07 15:54:10'),
	(6,1,1,6,5,1,1,1,40,2,'08:00:00','10:00:00',8,'2018-10-06 15:29:07','2018-10-29 06:29:29'),
	(7,1,1,6,5,1,2,2,43,2,'09:08:45','11:08:45',8,'2018-10-07 04:08:56','2018-10-07 15:51:42'),
	(8,1,1,6,3,1,17,1,41,1,'12:34:45','12:34:45',8,'2018-10-07 05:34:43','2018-10-07 05:34:43'),
	(9,1,2,6,3,1,22,3,43,1,'13:05:15','15:05:15',8,'2018-10-11 06:05:32','2018-10-11 06:05:32');

/*!40000 ALTER TABLE `trans_jadwal_kuliah` ENABLE KEYS */;
UNLOCK TABLES;


# Dump of table trans_krs
# ------------------------------------------------------------

DROP TABLE IF EXISTS `trans_krs`;

CREATE TABLE `trans_krs` (
  `id` int(11) NOT NULL AUTO_INCREMENT,
  `th_akademik_id` int(11) DEFAULT NULL,
  `prodi_id` int(11) DEFAULT NULL,
  `kelas_id` int(11) DEFAULT NULL,
  `tanggal` date DEFAULT NULL,
  `nim` char(20) DEFAULT NULL,
  `smt` int(11) DEFAULT NULL,
  `acc_pa` enum('Baru','Setujui','Tolak') DEFAULT 'Baru',
  `ket` text,
  `user_id` int(11) DEFAULT NULL,
  `transkrip` enum('Y','T') DEFAULT NULL,
  `created_at` timestamp NULL DEFAULT NULL,
  `updated_at` timestamp NULL DEFAULT NULL,
  PRIMARY KEY (`id`)
) ENGINE=InnoDB DEFAULT CHARSET=latin1;

LOCK TABLES `trans_krs` WRITE;
/*!40000 ALTER TABLE `trans_krs` DISABLE KEYS */;

INSERT INTO `trans_krs` (`id`, `th_akademik_id`, `prodi_id`, `kelas_id`, `tanggal`, `nim`, `smt`, `acc_pa`, `ket`, `user_id`, `transkrip`, `created_at`, `updated_at`)
VALUES
	(1,1,1,6,'2018-10-27','18010001',1,'Baru',NULL,11,NULL,'2018-10-07 05:35:08','2018-10-27 06:33:29'),
	(3,1,1,6,'2018-10-07','17010001',3,'Baru',NULL,8,NULL,'2018-10-07 05:42:04','2018-10-07 05:42:04'),
	(4,1,1,6,'2020-02-19','18010003',1,'Setujui',NULL,10,NULL,'2018-10-07 12:11:55','2020-02-19 08:57:05'),
	(5,1,1,6,'2020-02-23','18010002',1,'Baru',NULL,19,NULL,'2018-10-07 12:23:09','2020-02-23 03:26:14'),
	(6,1,2,6,'2018-10-25','18020002',1,'Baru',NULL,8,NULL,'2018-10-11 06:09:11','2018-10-25 08:54:32');

/*!40000 ALTER TABLE `trans_krs` ENABLE KEYS */;
UNLOCK TABLES;


# Dump of table trans_krs_detail
# ------------------------------------------------------------

DROP TABLE IF EXISTS `trans_krs_detail`;

CREATE TABLE `trans_krs_detail` (
  `id` int(11) NOT NULL AUTO_INCREMENT,
  `krs_id` int(11) DEFAULT NULL,
  `th_akademik_id` int(11) NOT NULL,
  `jadwal_kuliah_id` int(11) DEFAULT NULL,
  `nim` char(20) NOT NULL,
  `nama_mhs` varchar(255) DEFAULT NULL,
  `dosen_id` int(11) DEFAULT NULL,
  `kode_mk` char(20) NOT NULL,
  `nama_mk` varchar(255) NOT NULL,
  `sks_mk` int(11) NOT NULL,
  `smt_mk` int(11) DEFAULT NULL,
  `nilai_akhir` float DEFAULT NULL,
  `nilai_bobot` int(11) DEFAULT NULL,
  `nilai_huruf` char(5) DEFAULT NULL,
  `user_id` int(11) DEFAULT NULL,
  `transkrip` enum('Y','T') DEFAULT NULL,
  `created_at` timestamp NULL DEFAULT NULL,
  `updated_at` timestamp NULL DEFAULT NULL,
  PRIMARY KEY (`id`)
) ENGINE=InnoDB DEFAULT CHARSET=latin1;

LOCK TABLES `trans_krs_detail` WRITE;
/*!40000 ALTER TABLE `trans_krs_detail` DISABLE KEYS */;

INSERT INTO `trans_krs_detail` (`id`, `krs_id`, `th_akademik_id`, `jadwal_kuliah_id`, `nim`, `nama_mhs`, `dosen_id`, `kode_mk`, `nama_mk`, `sks_mk`, `smt_mk`, `nilai_akhir`, `nilai_bobot`, `nilai_huruf`, `user_id`, `transkrip`, `created_at`, `updated_at`)
VALUES
	(3,1,1,6,'18010001','Deddy Rusdiansyah',2,'MA1-G001','PENDIDIKAN AGAMA',2,1,70.9,3,'B',8,'Y','2018-10-07 05:37:19','2018-10-07 15:02:20'),
	(6,3,1,8,'17010001','Mr X',1,'MA1-G001','PENDIDIKAN AGAMA',2,1,92.4,4,'A',8,'Y','2018-10-07 05:42:04','2018-10-25 09:06:06'),
	(7,4,1,1,'18010003','x',1,'MA1-G001','PENDIDIKAN AGAMA',2,1,90,4,'A',10,'Y','2018-10-07 12:11:55','2018-10-30 04:21:25'),
	(9,4,1,5,'18010003','x',1,'MA1-G003','BAHASA INGGRIS BISNIS',3,1,80,4,'A',10,'Y','2018-10-07 12:11:55','2018-10-30 04:28:43'),
	(11,5,1,1,'18010002','Danish Putra Pramudya',1,'MA1-G001','PENDIDIKAN AGAMA',2,1,70.7,3,'B',10,'Y','2018-10-07 12:23:09','2018-10-30 04:21:25'),
	(13,5,1,5,'18010002','Danish Putra Pramudya',1,'MA1-G003','BAHASA INGGRIS BISNIS',3,1,90,4,'A',10,'Y','2018-10-07 12:23:09','2018-10-30 04:28:43'),
	(16,6,1,9,'18020002','Jihan Salsabila',3,'MA1-G001','PENDIDIKAN AGAMA',2,1,NULL,NULL,NULL,8,'Y','2018-10-25 08:54:32','2018-10-25 08:54:32'),
	(17,NULL,1,NULL,'18010001','Deddy Rusdiansyah',NULL,'MA1-G010','KOMPUTER',2,1,NULL,4,'A',8,NULL,'2018-10-26 12:44:11','2018-10-26 12:44:11'),
	(19,1,1,7,'18010001','Deddy Rusdiansyah',2,'MA1-G002','PENDIDIKAN PANCASILA DAN KEWARGANEGARAAN',2,1,NULL,NULL,NULL,11,'Y','2018-10-27 07:46:28','2018-10-27 07:46:28'),
	(20,4,1,3,'18010003','Andi',2,'MA1-G002','PENDIDIKAN PANCASILA DAN KEWARGANEGARAAN',2,1,NULL,NULL,NULL,14,'Y','2020-02-19 08:16:18','2020-02-19 08:16:18'),
	(25,5,1,3,'18010002','Danish Putra Pramudya',2,'MA1-G002','PENDIDIKAN PANCASILA DAN KEWARGANEGARAAN',2,1,NULL,NULL,NULL,19,'Y','2020-02-23 03:29:03','2020-02-23 03:29:03'),
	(26,5,1,4,'18010002','Danish Putra Pramudya',2,'MA3-G019','TEKNOLOGI INFORMASI BISNIS',3,3,NULL,NULL,NULL,19,'Y','2020-02-23 03:29:03','2020-02-23 03:29:03');

/*!40000 ALTER TABLE `trans_krs_detail` ENABLE KEYS */;
UNLOCK TABLES;


# Dump of table trans_krs_detail_nilai
# ------------------------------------------------------------

DROP TABLE IF EXISTS `trans_krs_detail_nilai`;

CREATE TABLE `trans_krs_detail_nilai` (
  `id` int(11) NOT NULL AUTO_INCREMENT,
  `jadwal_kuliah_id` int(11) DEFAULT NULL,
  `krs_detail_id` int(11) DEFAULT NULL,
  `komponen_nilai_id` int(11) DEFAULT NULL,
  `komponen_nilai` varchar(50) DEFAULT NULL,
  `bobot_nilai` int(11) DEFAULT NULL,
  `nilai` float DEFAULT NULL,
  `user_id` int(11) DEFAULT NULL,
  `created_at` timestamp NULL DEFAULT NULL,
  `updated_at` timestamp NULL DEFAULT NULL,
  PRIMARY KEY (`id`)
) ENGINE=InnoDB DEFAULT CHARSET=latin1;

LOCK TABLES `trans_krs_detail_nilai` WRITE;
/*!40000 ALTER TABLE `trans_krs_detail_nilai` DISABLE KEYS */;

INSERT INTO `trans_krs_detail_nilai` (`id`, `jadwal_kuliah_id`, `krs_detail_id`, `komponen_nilai_id`, `komponen_nilai`, `bobot_nilai`, `nilai`, `user_id`, `created_at`, `updated_at`)
VALUES
	(1,1,11,1,'SIKAP',20,80,10,'2018-10-07 14:35:25','2018-10-30 04:21:25'),
	(2,1,11,2,'Tugas',15,70,10,'2018-10-07 14:35:25','2018-10-30 04:21:25'),
	(3,1,11,3,'UTS',25,60,10,'2018-10-07 14:35:25','2018-10-30 04:21:25'),
	(4,1,11,4,'UAS',40,73,10,'2018-10-07 14:35:25','2018-10-30 04:21:25'),
	(5,1,7,1,'SIKAP',20,90,10,'2018-10-07 14:35:26','2018-10-30 04:21:25'),
	(6,1,7,2,'Tugas',15,90,10,'2018-10-07 14:35:26','2018-10-30 04:21:25'),
	(7,1,7,3,'UTS',25,90,10,'2018-10-07 14:35:26','2018-10-30 04:21:25'),
	(8,1,7,4,'UAS',40,90,10,'2018-10-07 14:35:26','2018-10-30 04:21:25'),
	(9,6,3,1,'SIKAP',20,79,8,'2018-10-07 15:02:20','2018-10-24 13:40:12'),
	(10,6,3,2,'Tugas',15,29,8,'2018-10-07 15:02:20','2018-10-24 13:40:12'),
	(11,6,3,3,'UTS',25,59,8,'2018-10-07 15:02:20','2018-10-24 13:40:12'),
	(12,6,3,4,'UAS',40,90,8,'2018-10-07 15:02:20','2018-10-24 13:40:12'),
	(13,8,6,1,'SIKAP',20,98,8,'2018-10-25 09:06:06','2018-10-25 09:06:06'),
	(14,8,6,2,'Tugas',15,92,8,'2018-10-25 09:06:06','2018-10-25 09:06:06'),
	(15,8,6,3,'UTS',25,92,8,'2018-10-25 09:06:06','2018-10-25 09:06:06'),
	(16,8,6,4,'UAS',40,90,8,'2018-10-25 09:06:06','2018-10-25 09:06:06'),
	(17,5,13,1,'SIKAP',20,90,10,'2018-10-30 04:28:43','2018-10-30 04:28:43'),
	(18,5,13,2,'Tugas',15,90,10,'2018-10-30 04:28:43','2018-10-30 04:28:43'),
	(19,5,13,3,'UTS',25,90,10,'2018-10-30 04:28:43','2018-10-30 04:28:43'),
	(20,5,13,4,'UAS',40,90,10,'2018-10-30 04:28:43','2018-10-30 04:28:43'),
	(21,5,9,1,'SIKAP',20,80,10,'2018-10-30 04:28:43','2018-10-30 04:28:43'),
	(22,5,9,2,'Tugas',15,80,10,'2018-10-30 04:28:43','2018-10-30 04:28:43'),
	(23,5,9,3,'UTS',25,80,10,'2018-10-30 04:28:43','2018-10-30 04:28:43'),
	(24,5,9,4,'UAS',40,80,10,'2018-10-30 04:28:43','2018-10-30 04:28:43');

/*!40000 ALTER TABLE `trans_krs_detail_nilai` ENABLE KEYS */;
UNLOCK TABLES;


# Dump of table trans_kurikulum
# ------------------------------------------------------------

DROP TABLE IF EXISTS `trans_kurikulum`;

CREATE TABLE `trans_kurikulum` (
  `id` int(11) NOT NULL AUTO_INCREMENT,
  `th_akademik_id` int(11) DEFAULT NULL,
  `prodi_id` int(11) DEFAULT NULL,
  `nama` varchar(100) DEFAULT NULL,
  `user_id` int(11) DEFAULT NULL,
  `created_at` timestamp NULL DEFAULT NULL,
  `updated_at` timestamp NULL DEFAULT NULL,
  PRIMARY KEY (`id`)
) ENGINE=InnoDB DEFAULT CHARSET=latin1;

LOCK TABLES `trans_kurikulum` WRITE;
/*!40000 ALTER TABLE `trans_kurikulum` DISABLE KEYS */;

INSERT INTO `trans_kurikulum` (`id`, `th_akademik_id`, `prodi_id`, `nama`, `user_id`, `created_at`, `updated_at`)
VALUES
	(1,1,1,'KURIKULUM AKUNTANSI 20181',8,'2018-10-04 01:41:13','2018-10-04 01:41:13'),
	(3,2,1,'KURIKULUM AKUNTANSI 2017/2018',8,'2018-10-07 03:52:02','2018-10-07 03:52:02'),
	(4,1,2,'Kurikulum 2018 Manajemen',8,'2018-10-11 06:00:32','2018-10-11 06:00:32');

/*!40000 ALTER TABLE `trans_kurikulum` ENABLE KEYS */;
UNLOCK TABLES;


# Dump of table trans_kurikulum_angkatan
# ------------------------------------------------------------

DROP TABLE IF EXISTS `trans_kurikulum_angkatan`;

CREATE TABLE `trans_kurikulum_angkatan` (
  `id` int(11) NOT NULL AUTO_INCREMENT,
  `kurikulum_id` int(11) DEFAULT NULL,
  `th_akademik_id` int(11) DEFAULT NULL,
  `user_id` int(11) DEFAULT NULL,
  `created_at` timestamp NULL DEFAULT NULL,
  `updated_at` timestamp NULL DEFAULT NULL,
  PRIMARY KEY (`id`)
) ENGINE=InnoDB DEFAULT CHARSET=latin1;

LOCK TABLES `trans_kurikulum_angkatan` WRITE;
/*!40000 ALTER TABLE `trans_kurikulum_angkatan` DISABLE KEYS */;

INSERT INTO `trans_kurikulum_angkatan` (`id`, `kurikulum_id`, `th_akademik_id`, `user_id`, `created_at`, `updated_at`)
VALUES
	(4,1,1,8,'2018-10-07 05:06:53','2018-10-07 05:06:53'),
	(5,3,2,8,'2018-10-07 05:19:46','2018-10-07 05:19:46'),
	(6,4,1,8,'2018-10-11 06:07:08','2018-10-11 06:07:08');

/*!40000 ALTER TABLE `trans_kurikulum_angkatan` ENABLE KEYS */;
UNLOCK TABLES;


# Dump of table trans_kurikulum_matakuliah
# ------------------------------------------------------------

DROP TABLE IF EXISTS `trans_kurikulum_matakuliah`;

CREATE TABLE `trans_kurikulum_matakuliah` (
  `id` int(11) NOT NULL AUTO_INCREMENT,
  `kurikulum_id` int(11) DEFAULT NULL,
  `matakuliah_id` int(11) DEFAULT NULL,
  `user_id` int(11) DEFAULT NULL,
  `created_at` timestamp NULL DEFAULT NULL,
  `updated_at` timestamp NULL DEFAULT NULL,
  PRIMARY KEY (`id`)
) ENGINE=InnoDB DEFAULT CHARSET=latin1;

LOCK TABLES `trans_kurikulum_matakuliah` WRITE;
/*!40000 ALTER TABLE `trans_kurikulum_matakuliah` DISABLE KEYS */;

INSERT INTO `trans_kurikulum_matakuliah` (`id`, `kurikulum_id`, `matakuliah_id`, `user_id`, `created_at`, `updated_at`)
VALUES
	(1,1,1,8,'2018-10-04 01:41:13','2018-10-04 01:41:13'),
	(2,1,2,8,'2018-10-04 01:41:13','2018-10-04 01:41:13'),
	(3,1,3,8,'2018-10-04 01:41:13','2018-10-04 01:41:13'),
	(4,1,4,8,'2018-10-06 10:36:50','2018-10-06 10:36:50'),
	(6,1,5,8,'2018-10-06 10:38:34','2018-10-06 10:38:34'),
	(17,3,1,8,'2018-10-07 03:52:02','2018-10-07 03:52:02'),
	(18,3,2,8,'2018-10-07 03:52:02','2018-10-07 03:52:02'),
	(19,3,3,8,'2018-10-07 03:52:02','2018-10-07 03:52:02'),
	(20,3,4,8,'2018-10-07 03:52:02','2018-10-07 03:52:02'),
	(21,3,5,8,'2018-10-07 03:52:02','2018-10-07 03:52:02'),
	(22,4,6,8,'2018-10-11 06:00:32','2018-10-11 06:00:32');

/*!40000 ALTER TABLE `trans_kurikulum_matakuliah` ENABLE KEYS */;
UNLOCK TABLES;


# Dump of table trans_mutasi_mhs
# ------------------------------------------------------------

DROP TABLE IF EXISTS `trans_mutasi_mhs`;

CREATE TABLE `trans_mutasi_mhs` (
  `id` int(11) NOT NULL AUTO_INCREMENT,
  `th_akademik_id` int(11) DEFAULT NULL,
  `tanggal` date DEFAULT NULL,
  `nim` char(20) DEFAULT NULL,
  `status_id` int(11) DEFAULT NULL,
  `user_id` int(11) DEFAULT NULL,
  `created_at` timestamp NULL DEFAULT NULL,
  `updated_at` timestamp NULL DEFAULT NULL,
  PRIMARY KEY (`id`)
) ENGINE=InnoDB DEFAULT CHARSET=latin1;

LOCK TABLES `trans_mutasi_mhs` WRITE;
/*!40000 ALTER TABLE `trans_mutasi_mhs` DISABLE KEYS */;

INSERT INTO `trans_mutasi_mhs` (`id`, `th_akademik_id`, `tanggal`, `nim`, `status_id`, `user_id`, `created_at`, `updated_at`)
VALUES
	(1,1,'2018-10-08','18010003',18,8,'2018-10-08 03:41:33','2018-10-08 04:34:29'),
	(2,1,'2018-10-08','18010001',18,8,'2018-10-08 03:43:40','2018-10-08 03:45:46'),
	(3,1,'2018-10-08','18010002',18,8,'2018-10-08 03:46:14','2018-10-08 03:49:56'),
	(4,1,'2018-10-08','17010001',18,8,'2018-10-08 06:10:49','2018-10-08 06:10:54');

/*!40000 ALTER TABLE `trans_mutasi_mhs` ENABLE KEYS */;
UNLOCK TABLES;


# Dump of table trans_perwalian
# ------------------------------------------------------------

DROP TABLE IF EXISTS `trans_perwalian`;

CREATE TABLE `trans_perwalian` (
  `id` int(11) NOT NULL AUTO_INCREMENT,
  `th_akademik_id` int(11) DEFAULT NULL,
  `prodi_id` int(11) DEFAULT NULL,
  `kelas_id` int(11) DEFAULT NULL,
  `dosen_id` int(11) DEFAULT NULL,
  `kelompok_id` int(11) DEFAULT NULL,
  `user_id` int(11) DEFAULT NULL,
  `created_at` timestamp NULL DEFAULT NULL,
  `updated_at` timestamp NULL DEFAULT NULL,
  PRIMARY KEY (`id`)
) ENGINE=InnoDB DEFAULT CHARSET=latin1;

LOCK TABLES `trans_perwalian` WRITE;
/*!40000 ALTER TABLE `trans_perwalian` DISABLE KEYS */;

INSERT INTO `trans_perwalian` (`id`, `th_akademik_id`, `prodi_id`, `kelas_id`, `dosen_id`, `kelompok_id`, `user_id`, `created_at`, `updated_at`)
VALUES
	(1,1,1,6,1,3,8,'2018-10-03 16:15:50','2018-10-07 12:09:27'),
	(2,2,1,6,2,3,2,'2018-10-03 17:52:01','2018-10-03 17:52:01'),
	(5,1,1,6,2,5,2,'2018-10-03 18:14:49','2018-10-03 18:14:49'),
	(6,1,2,6,1,3,8,'2018-10-07 06:00:46','2018-10-07 06:00:46');

/*!40000 ALTER TABLE `trans_perwalian` ENABLE KEYS */;
UNLOCK TABLES;


# Dump of table trans_perwalian_detail
# ------------------------------------------------------------

DROP TABLE IF EXISTS `trans_perwalian_detail`;

CREATE TABLE `trans_perwalian_detail` (
  `id` int(11) NOT NULL AUTO_INCREMENT,
  `perwalian_id` int(11) DEFAULT NULL,
  `nim` char(20) DEFAULT NULL,
  `user_id` int(11) DEFAULT NULL,
  `created_at` timestamp NULL DEFAULT NULL,
  `updated_at` timestamp NULL DEFAULT NULL,
  PRIMARY KEY (`id`)
) ENGINE=InnoDB DEFAULT CHARSET=latin1;

LOCK TABLES `trans_perwalian_detail` WRITE;
/*!40000 ALTER TABLE `trans_perwalian_detail` DISABLE KEYS */;

INSERT INTO `trans_perwalian_detail` (`id`, `perwalian_id`, `nim`, `user_id`, `created_at`, `updated_at`)
VALUES
	(6,2,'17010001',2,'2018-10-03 17:52:01','2018-10-03 17:52:01'),
	(7,1,'18010002',2,'2018-10-03 17:52:16','2018-10-03 17:52:16'),
	(10,5,'18010001',2,'2018-10-03 18:14:49','2018-10-03 18:14:49'),
	(15,6,'18020002',8,'2018-10-07 06:18:07','2018-10-07 06:18:07'),
	(16,6,'18020001',8,'2018-10-07 06:18:38','2018-10-07 06:18:38'),
	(17,1,'18010003',8,'2018-10-07 12:09:27','2018-10-07 12:09:27'),
	(19,1,'18010004',8,'2020-02-23 03:37:59','2020-02-23 03:37:59');

/*!40000 ALTER TABLE `trans_perwalian_detail` ENABLE KEYS */;
UNLOCK TABLES;


# Dump of table trans_rps
# ------------------------------------------------------------

DROP TABLE IF EXISTS `trans_rps`;

CREATE TABLE `trans_rps` (
  `id` int(11) NOT NULL AUTO_INCREMENT,
  `jadwal_id` int(11) NOT NULL,
  `dokumen` varchar(100) NOT NULL,
  `user_id` int(11) NOT NULL,
  `created_at` timestamp NULL DEFAULT NULL,
  `updated_at` timestamp NULL DEFAULT NULL,
  PRIMARY KEY (`id`)
) ENGINE=InnoDB DEFAULT CHARSET=latin1;

LOCK TABLES `trans_rps` WRITE;
/*!40000 ALTER TABLE `trans_rps` DISABLE KEYS */;

INSERT INTO `trans_rps` (`id`, `jadwal_id`, `dokumen`, `user_id`, `created_at`, `updated_at`)
VALUES
	(1,1,'1.pdf',10,'2018-11-01 15:02:55','2018-11-01 15:02:55');

/*!40000 ALTER TABLE `trans_rps` ENABLE KEYS */;
UNLOCK TABLES;


# Dump of table trans_yudisium
# ------------------------------------------------------------

DROP TABLE IF EXISTS `trans_yudisium`;

CREATE TABLE `trans_yudisium` (
  `id` int(11) NOT NULL AUTO_INCREMENT,
  `tanggal` date DEFAULT NULL,
  `th_akademik_id` int(11) DEFAULT NULL,
  `th_angkatan_id` int(11) DEFAULT NULL,
  `prodi_id` int(11) DEFAULT NULL,
  `kelas_id` int(11) DEFAULT NULL,
  `kelompok_id` int(11) DEFAULT NULL,
  `nim` char(20) NOT NULL,
  `nama_lengkap` varchar(255) DEFAULT NULL,
  `motto` varchar(255) DEFAULT NULL,
  `tgl_sk_yudisium` date DEFAULT NULL,
  `sk_yudisium` varchar(100) DEFAULT NULL,
  `judul_skripsi` text,
  `jml_sks` char(4) DEFAULT NULL,
  `ipk` char(4) DEFAULT NULL,
  `ukuran_toga` char(10) DEFAULT NULL,
  `nomor_seri_ijazah` varchar(100) DEFAULT NULL,
  `approve` enum('Y','T') DEFAULT NULL,
  `user_id` int(11) DEFAULT NULL,
  `created_at` timestamp NULL DEFAULT NULL,
  `updated_at` timestamp NULL DEFAULT NULL,
  PRIMARY KEY (`id`),
  UNIQUE KEY `nim` (`nim`)
) ENGINE=InnoDB DEFAULT CHARSET=latin1;

LOCK TABLES `trans_yudisium` WRITE;
/*!40000 ALTER TABLE `trans_yudisium` DISABLE KEYS */;

INSERT INTO `trans_yudisium` (`id`, `tanggal`, `th_akademik_id`, `th_angkatan_id`, `prodi_id`, `kelas_id`, `kelompok_id`, `nim`, `nama_lengkap`, `motto`, `tgl_sk_yudisium`, `sk_yudisium`, `judul_skripsi`, `jml_sks`, `ipk`, `ukuran_toga`, `nomor_seri_ijazah`, `approve`, `user_id`, `created_at`, `updated_at`)
VALUES
	(5,'2018-10-08',1,1,1,6,5,'18010001','Deddy Rusdiansyah','test',NULL,NULL,'test','120','3','XXL',NULL,NULL,8,'2018-10-08 12:48:24','2018-10-08 13:19:59'),
	(6,'2018-10-29',1,1,1,6,3,'18010002','Danish Putra Pramudya','tiada hari tanpa coding',NULL,NULL,'Judul Skripsi','130','3.25','M',NULL,NULL,19,'2018-10-29 10:23:35','2018-10-29 10:23:35');

/*!40000 ALTER TABLE `trans_yudisium` ENABLE KEYS */;
UNLOCK TABLES;


# Dump of table users
# ------------------------------------------------------------

DROP TABLE IF EXISTS `users`;

CREATE TABLE `users` (
  `id` int(10) unsigned NOT NULL AUTO_INCREMENT,
  `username` varchar(255) COLLATE utf8mb4_unicode_ci DEFAULT NULL,
  `name` varchar(255) COLLATE utf8mb4_unicode_ci NOT NULL,
  `email` varchar(255) COLLATE utf8mb4_unicode_ci NOT NULL,
  `password` varchar(255) COLLATE utf8mb4_unicode_ci NOT NULL,
  `level_id` int(11) DEFAULT NULL,
  `prodi_id` int(11) DEFAULT NULL,
  `picture` varchar(100) COLLATE utf8mb4_unicode_ci DEFAULT NULL,
  `aktif` enum('Y','T') COLLATE utf8mb4_unicode_ci DEFAULT NULL,
  `remember_token` varchar(100) COLLATE utf8mb4_unicode_ci DEFAULT NULL,
  `created_at` timestamp NULL DEFAULT NULL,
  `updated_at` timestamp NULL DEFAULT NULL,
  PRIMARY KEY (`id`)
) ENGINE=InnoDB DEFAULT CHARSET=utf8mb4 COLLATE=utf8mb4_unicode_ci;

LOCK TABLES `users` WRITE;
/*!40000 ALTER TABLE `users` DISABLE KEYS */;

INSERT INTO `users` (`id`, `username`, `name`, `email`, `password`, `level_id`, `prodi_id`, `picture`, `aktif`, `remember_token`, `created_at`, `updated_at`)
VALUES
	(2,'deddy','Deddy Rusdiansyah','deddy.rusdiansyah@gmail.com','$2y$10$MVmlW/O03mM0/.pHYOpnUeD9nJjw7b0TV8Kh.875rqcWjO2Fh6J/i',1,NULL,NULL,NULL,'fN47j6UG66Or9Y4cdSXyCCL6zjp71so8stZ0I1Pu4Yr8FvoBIUDYcHULPZxC','2018-10-02 07:53:47','2018-10-18 02:57:51'),
	(3,'pimpinan','Pimpinan','pimpinan@siakad.ac.id','$2y$10$N6FaRA6lw/J6bAGiTXxMDuS0atlixLW8qbQgu.rbyZ7obxjTASMRm',7,NULL,NULL,NULL,NULL,'2018-10-02 08:08:39','2018-10-02 08:08:39'),
	(8,'admin','Administrator','admin@siakad.ac.id','$2y$10$KnTTa7qPS8icFluSlsxg7.NOV5u265QJiHYKVSOTiaG7ptcnkjg3S',1,NULL,'8.jpeg',NULL,'b8khrqefdvFly52u8ZNMdYykO3HhJYITfK5oAiNhWCZkdQldcmvLeAVZ5B7i','2018-10-02 14:59:36','2020-02-16 13:29:58'),
	(10,'1001','Deddy Rusdiansyah,S.Kom,M.Kom','deddy_rusdiansyah@yahoo.com','$2y$10$/tkboC31ytsWX.HZJOFkA.nHzXYISMrwVIqGuUU5JX5SKTPgi5w2u',4,1,'10.jpg','Y','NFHWt1GEgxcRYCC3FwEeQWihrjHnJAhJWwY0lTuQLbCJQDO0xxZiTsKJ6gAR','2018-10-06 17:45:53','2018-10-30 05:24:02'),
	(11,'18010001','Deddy Rusdiansyah','deddy.rusdiansyah@siakad.ac.id','$2y$10$64eZ2z5rd76IQw8ZSJTRQuwSB0SwF70ac3VcTgvEAW7/94a3M3OtC',5,NULL,'11.jpeg','Y','AKQ32mRrKbTzkKQaKHEWFRxsphLjA9tyDhxIC2Dbslxg6PN5syTyN9A2AhkE','2018-10-06 17:47:45','2020-02-16 14:49:27'),
	(12,'18020001','Aqilah','aqilah@yahoo.com','$2y$10$ftQT0iqmDFZ4yA1vw87CS.BI4N3X7bGVO4xmYh8sXz3XMVT/aeuXG',5,NULL,NULL,'Y','eguCLu0IiTigBgTBVCZeJNvUmcAUuo0FJMhnS5ZN5HftwQMDxPJJ4V3Y9wn9','2018-10-06 18:06:10','2018-10-07 12:34:20'),
	(13,'18020002','Jihan Salsabila','jihan.salsabila@gmail.com','$2y$10$V5RvDPlTgg1XcYoYcymKju0yx7mMqqUUDuV6yItP78Ue30B5FDp8a',5,NULL,NULL,'Y',NULL,'2018-10-07 05:57:03','2018-10-07 12:34:12'),
	(14,'18010003','Andi','x@email.com','$2y$10$22.0mapcG4tOyK83ORTQ/.8IDVyLF5mXi/HYIr72u9wS6VCCKuA.6',5,1,NULL,'Y',NULL,'2018-10-07 12:08:32','2020-02-20 23:59:06'),
	(15,'1122','Dosen Tetap','tetapdosen@gmail.com','$2y$10$uizxHVWSZicTTg/S19u4O.BaFfrKJHtCMriVDx4lXRv8BFU4asgeO',4,NULL,NULL,'Y',NULL,'2018-10-11 02:34:19','2018-10-11 02:34:19'),
	(16,'akuntansi','Akuntansi','akuntansi@stiebanten.ac.id','$2y$10$Cq3OlgsllVknyXlghPG7kOJK6yRFCzca2MorNVCsD48kezzX900HG',2,1,NULL,NULL,NULL,'2018-10-18 02:59:14','2018-10-30 05:15:20'),
	(17,'manajemen','Manajemen','manajemen@stiebanten.ac.id','$2y$10$LIGd1ru65i5ZaU6QpnWnBOfa9b/N2JAIfGPkPH6IWuxrhAef0Dc7y',2,2,NULL,NULL,'5XlbqVZGqPPYwsUObs5aNOXhR7cT7he7U9fNXj4zHh84FimYAXRVz0M8PP6l','2018-10-18 02:59:34','2018-10-30 05:17:38'),
	(18,'17010001','Mr X','mrx@siakad.ac.id','$2y$10$dyG/pmJkJ82pkPWLFjQ0me7NI/c4riKkOUWdPKoX0Hg2T6pwjkjLa',5,NULL,NULL,'Y',NULL,'2018-10-29 08:14:23','2018-10-29 08:14:23'),
	(19,'18010002','Danish Putra Pramudya','danish@gmail.com','$2y$10$eJ4dJntE3yp0y0kfBxZKyemLIaZX7xama0N6/93zNW.lpszQCRecy',5,1,'19.jpeg','Y','4j3CWUUWiXGOAmlWNbBtXOp4EeCBaz9ILbcri3fQYkVn4bBrdbY56qmD9Use','2018-10-29 08:14:23','2020-02-21 01:46:27'),
	(21,'sekjurakuntansi','Sekretaris Jurusan Akuntansi','sekjurakuntansi@gmail.com','$2y$10$Om5QWN8qdNTb8V8uG7.fyuUEY0mldrXsrhKhLowhWshWoUj5qp.4m',2,1,NULL,NULL,'KSeHqqRXeOdVvsmxvzMJG1XmEQVonYHuJzhp5tNng6CuPLoJfuutCMtCMe36','2018-10-30 06:18:14','2018-10-30 06:20:10'),
	(22,'keuangan','Admin Keuangan','keuangan@siakad.ac.id','$2y$10$exZ1GUNUGBK3bgWsvyA.geg09SUhGMTaTcK8Ho7cDGiiRRUrB1VWO',6,NULL,NULL,NULL,NULL,'2020-02-22 01:28:30','2020-02-22 01:28:30'),
	(23,'18010004','Aqilah Putri Prilidianti','aqilah@siakad.ac.id','$2y$10$h1ik0yvBJrt9ZOeb0sytkuTdyRD7wmxUPYOyZu/W9Mo9KjPbbZIcG',5,1,NULL,'Y',NULL,'2020-02-23 03:34:37','2020-02-23 03:34:37');

/*!40000 ALTER TABLE `users` ENABLE KEYS */;
UNLOCK TABLES;


# Dump of table users_level
# ------------------------------------------------------------

DROP TABLE IF EXISTS `users_level`;

CREATE TABLE `users_level` (
  `id` int(11) NOT NULL AUTO_INCREMENT,
  `level` varchar(100) DEFAULT NULL,
  `user_id` int(11) DEFAULT NULL,
  `created_at` timestamp NULL DEFAULT NULL,
  `updated_at` timestamp NULL DEFAULT NULL,
  PRIMARY KEY (`id`)
) ENGINE=InnoDB DEFAULT CHARSET=latin1;

LOCK TABLES `users_level` WRITE;
/*!40000 ALTER TABLE `users_level` DISABLE KEYS */;

INSERT INTO `users_level` (`id`, `level`, `user_id`, `created_at`, `updated_at`)
VALUES
	(1,'Admin',1,NULL,NULL),
	(2,'Prodi',1,NULL,NULL),
	(3,'Staf',1,NULL,NULL),
	(4,'Dosen',1,NULL,NULL),
	(5,'Mahasiswa',1,NULL,NULL),
	(6,'Keuangan',1,NULL,NULL),
	(7,'Pimpinan',1,NULL,NULL);

/*!40000 ALTER TABLE `users_level` ENABLE KEYS */;
UNLOCK TABLES;



/*!40111 SET SQL_NOTES=@OLD_SQL_NOTES */;
/*!40101 SET SQL_MODE=@OLD_SQL_MODE */;
/*!40014 SET FOREIGN_KEY_CHECKS=@OLD_FOREIGN_KEY_CHECKS */;
/*!40101 SET CHARACTER_SET_CLIENT=@OLD_CHARACTER_SET_CLIENT */;
/*!40101 SET CHARACTER_SET_RESULTS=@OLD_CHARACTER_SET_RESULTS */;
/*!40101 SET COLLATION_CONNECTION=@OLD_COLLATION_CONNECTION */;
