/*
 Navicat Premium Data Transfer

 Source Server         : localhost 3306
 Source Server Type    : MySQL
 Source Server Version : 50715
 Source Host           : localhost:3306
 Source Schema         : siakad_laravel

 Target Server Type    : MySQL
 Target Server Version : 50715
 File Encoding         : 65001

 Date: 23/11/2018 10:54:42
*/

SET NAMES utf8mb4;
SET FOREIGN_KEY_CHECKS = 0;

-- ----------------------------
-- Table structure for cities
-- ----------------------------
DROP TABLE IF EXISTS `cities`;
CREATE TABLE `cities` (
  `id` char(4) COLLATE utf8mb4_unicode_ci NOT NULL,
  `province_id` char(2) COLLATE utf8mb4_unicode_ci NOT NULL,
  `name` varchar(255) COLLATE utf8mb4_unicode_ci NOT NULL,
  PRIMARY KEY (`id`),
  KEY `cities_province_id_foreign` (`province_id`),
  CONSTRAINT `cities_ibfk_1` FOREIGN KEY (`province_id`) REFERENCES `provinces` (`id`)
) ENGINE=InnoDB DEFAULT CHARSET=utf8mb4 COLLATE=utf8mb4_unicode_ci;

-- ----------------------------
-- Records of cities
-- ----------------------------
BEGIN;
INSERT INTO `cities` VALUES ('1101', '11', 'KABUPATEN SIMEULUE');
INSERT INTO `cities` VALUES ('1102', '11', 'KABUPATEN ACEH SINGKIL');
INSERT INTO `cities` VALUES ('1103', '11', 'KABUPATEN ACEH SELATAN');
INSERT INTO `cities` VALUES ('1104', '11', 'KABUPATEN ACEH TENGGARA');
INSERT INTO `cities` VALUES ('1105', '11', 'KABUPATEN ACEH TIMUR');
INSERT INTO `cities` VALUES ('1106', '11', 'KABUPATEN ACEH TENGAH');
INSERT INTO `cities` VALUES ('1107', '11', 'KABUPATEN ACEH BARAT');
INSERT INTO `cities` VALUES ('1108', '11', 'KABUPATEN ACEH BESAR');
INSERT INTO `cities` VALUES ('1109', '11', 'KABUPATEN PIDIE');
INSERT INTO `cities` VALUES ('1110', '11', 'KABUPATEN BIREUEN');
INSERT INTO `cities` VALUES ('1111', '11', 'KABUPATEN ACEH UTARA');
INSERT INTO `cities` VALUES ('1112', '11', 'KABUPATEN ACEH BARAT DAYA');
INSERT INTO `cities` VALUES ('1113', '11', 'KABUPATEN GAYO LUES');
INSERT INTO `cities` VALUES ('1114', '11', 'KABUPATEN ACEH TAMIANG');
INSERT INTO `cities` VALUES ('1115', '11', 'KABUPATEN NAGAN RAYA');
INSERT INTO `cities` VALUES ('1116', '11', 'KABUPATEN ACEH JAYA');
INSERT INTO `cities` VALUES ('1117', '11', 'KABUPATEN BENER MERIAH');
INSERT INTO `cities` VALUES ('1118', '11', 'KABUPATEN PIDIE JAYA');
INSERT INTO `cities` VALUES ('1171', '11', 'KOTA BANDA ACEH');
INSERT INTO `cities` VALUES ('1172', '11', 'KOTA SABANG');
INSERT INTO `cities` VALUES ('1173', '11', 'KOTA LANGSA');
INSERT INTO `cities` VALUES ('1174', '11', 'KOTA LHOKSEUMAWE');
INSERT INTO `cities` VALUES ('1175', '11', 'KOTA SUBULUSSALAM');
INSERT INTO `cities` VALUES ('1201', '12', 'KABUPATEN NIAS');
INSERT INTO `cities` VALUES ('1202', '12', 'KABUPATEN MANDAILING NATAL');
INSERT INTO `cities` VALUES ('1203', '12', 'KABUPATEN TAPANULI SELATAN');
INSERT INTO `cities` VALUES ('1204', '12', 'KABUPATEN TAPANULI TENGAH');
INSERT INTO `cities` VALUES ('1205', '12', 'KABUPATEN TAPANULI UTARA');
INSERT INTO `cities` VALUES ('1206', '12', 'KABUPATEN TOBA SAMOSIR');
INSERT INTO `cities` VALUES ('1207', '12', 'KABUPATEN LABUHAN BATU');
INSERT INTO `cities` VALUES ('1208', '12', 'KABUPATEN ASAHAN');
INSERT INTO `cities` VALUES ('1209', '12', 'KABUPATEN SIMALUNGUN');
INSERT INTO `cities` VALUES ('1210', '12', 'KABUPATEN DAIRI');
INSERT INTO `cities` VALUES ('1211', '12', 'KABUPATEN KARO');
INSERT INTO `cities` VALUES ('1212', '12', 'KABUPATEN DELI SERDANG');
INSERT INTO `cities` VALUES ('1213', '12', 'KABUPATEN LANGKAT');
INSERT INTO `cities` VALUES ('1214', '12', 'KABUPATEN NIAS SELATAN');
INSERT INTO `cities` VALUES ('1215', '12', 'KABUPATEN HUMBANG HASUNDUTAN');
INSERT INTO `cities` VALUES ('1216', '12', 'KABUPATEN PAKPAK BHARAT');
INSERT INTO `cities` VALUES ('1217', '12', 'KABUPATEN SAMOSIR');
INSERT INTO `cities` VALUES ('1218', '12', 'KABUPATEN SERDANG BEDAGAI');
INSERT INTO `cities` VALUES ('1219', '12', 'KABUPATEN BATU BARA');
INSERT INTO `cities` VALUES ('1220', '12', 'KABUPATEN PADANG LAWAS UTARA');
INSERT INTO `cities` VALUES ('1221', '12', 'KABUPATEN PADANG LAWAS');
INSERT INTO `cities` VALUES ('1222', '12', 'KABUPATEN LABUHAN BATU SELATAN');
INSERT INTO `cities` VALUES ('1223', '12', 'KABUPATEN LABUHAN BATU UTARA');
INSERT INTO `cities` VALUES ('1224', '12', 'KABUPATEN NIAS UTARA');
INSERT INTO `cities` VALUES ('1225', '12', 'KABUPATEN NIAS BARAT');
INSERT INTO `cities` VALUES ('1271', '12', 'KOTA SIBOLGA');
INSERT INTO `cities` VALUES ('1272', '12', 'KOTA TANJUNG BALAI');
INSERT INTO `cities` VALUES ('1273', '12', 'KOTA PEMATANG SIANTAR');
INSERT INTO `cities` VALUES ('1274', '12', 'KOTA TEBING TINGGI');
INSERT INTO `cities` VALUES ('1275', '12', 'KOTA MEDAN');
INSERT INTO `cities` VALUES ('1276', '12', 'KOTA BINJAI');
INSERT INTO `cities` VALUES ('1277', '12', 'KOTA PADANGSIDIMPUAN');
INSERT INTO `cities` VALUES ('1278', '12', 'KOTA GUNUNGSITOLI');
INSERT INTO `cities` VALUES ('1301', '13', 'KABUPATEN KEPULAUAN MENTAWAI');
INSERT INTO `cities` VALUES ('1302', '13', 'KABUPATEN PESISIR SELATAN');
INSERT INTO `cities` VALUES ('1303', '13', 'KABUPATEN SOLOK');
INSERT INTO `cities` VALUES ('1304', '13', 'KABUPATEN SIJUNJUNG');
INSERT INTO `cities` VALUES ('1305', '13', 'KABUPATEN TANAH DATAR');
INSERT INTO `cities` VALUES ('1306', '13', 'KABUPATEN PADANG PARIAMAN');
INSERT INTO `cities` VALUES ('1307', '13', 'KABUPATEN AGAM');
INSERT INTO `cities` VALUES ('1308', '13', 'KABUPATEN LIMA PULUH KOTA');
INSERT INTO `cities` VALUES ('1309', '13', 'KABUPATEN PASAMAN');
INSERT INTO `cities` VALUES ('1310', '13', 'KABUPATEN SOLOK SELATAN');
INSERT INTO `cities` VALUES ('1311', '13', 'KABUPATEN DHARMASRAYA');
INSERT INTO `cities` VALUES ('1312', '13', 'KABUPATEN PASAMAN BARAT');
INSERT INTO `cities` VALUES ('1371', '13', 'KOTA PADANG');
INSERT INTO `cities` VALUES ('1372', '13', 'KOTA SOLOK');
INSERT INTO `cities` VALUES ('1373', '13', 'KOTA SAWAH LUNTO');
INSERT INTO `cities` VALUES ('1374', '13', 'KOTA PADANG PANJANG');
INSERT INTO `cities` VALUES ('1375', '13', 'KOTA BUKITTINGGI');
INSERT INTO `cities` VALUES ('1376', '13', 'KOTA PAYAKUMBUH');
INSERT INTO `cities` VALUES ('1377', '13', 'KOTA PARIAMAN');
INSERT INTO `cities` VALUES ('1401', '14', 'KABUPATEN KUANTAN SINGINGI');
INSERT INTO `cities` VALUES ('1402', '14', 'KABUPATEN INDRAGIRI HULU');
INSERT INTO `cities` VALUES ('1403', '14', 'KABUPATEN INDRAGIRI HILIR');
INSERT INTO `cities` VALUES ('1404', '14', 'KABUPATEN PELALAWAN');
INSERT INTO `cities` VALUES ('1405', '14', 'KABUPATEN S I A K');
INSERT INTO `cities` VALUES ('1406', '14', 'KABUPATEN KAMPAR');
INSERT INTO `cities` VALUES ('1407', '14', 'KABUPATEN ROKAN HULU');
INSERT INTO `cities` VALUES ('1408', '14', 'KABUPATEN BENGKALIS');
INSERT INTO `cities` VALUES ('1409', '14', 'KABUPATEN ROKAN HILIR');
INSERT INTO `cities` VALUES ('1410', '14', 'KABUPATEN KEPULAUAN MERANTI');
INSERT INTO `cities` VALUES ('1471', '14', 'KOTA PEKANBARU');
INSERT INTO `cities` VALUES ('1473', '14', 'KOTA D U M A I');
INSERT INTO `cities` VALUES ('1501', '15', 'KABUPATEN KERINCI');
INSERT INTO `cities` VALUES ('1502', '15', 'KABUPATEN MERANGIN');
INSERT INTO `cities` VALUES ('1503', '15', 'KABUPATEN SAROLANGUN');
INSERT INTO `cities` VALUES ('1504', '15', 'KABUPATEN BATANG HARI');
INSERT INTO `cities` VALUES ('1505', '15', 'KABUPATEN MUARO JAMBI');
INSERT INTO `cities` VALUES ('1506', '15', 'KABUPATEN TANJUNG JABUNG TIMUR');
INSERT INTO `cities` VALUES ('1507', '15', 'KABUPATEN TANJUNG JABUNG BARAT');
INSERT INTO `cities` VALUES ('1508', '15', 'KABUPATEN TEBO');
INSERT INTO `cities` VALUES ('1509', '15', 'KABUPATEN BUNGO');
INSERT INTO `cities` VALUES ('1571', '15', 'KOTA JAMBI');
INSERT INTO `cities` VALUES ('1572', '15', 'KOTA SUNGAI PENUH');
INSERT INTO `cities` VALUES ('1601', '16', 'KABUPATEN OGAN KOMERING ULU');
INSERT INTO `cities` VALUES ('1602', '16', 'KABUPATEN OGAN KOMERING ILIR');
INSERT INTO `cities` VALUES ('1603', '16', 'KABUPATEN MUARA ENIM');
INSERT INTO `cities` VALUES ('1604', '16', 'KABUPATEN LAHAT');
INSERT INTO `cities` VALUES ('1605', '16', 'KABUPATEN MUSI RAWAS');
INSERT INTO `cities` VALUES ('1606', '16', 'KABUPATEN MUSI BANYUASIN');
INSERT INTO `cities` VALUES ('1607', '16', 'KABUPATEN BANYU ASIN');
INSERT INTO `cities` VALUES ('1608', '16', 'KABUPATEN OGAN KOMERING ULU SELATAN');
INSERT INTO `cities` VALUES ('1609', '16', 'KABUPATEN OGAN KOMERING ULU TIMUR');
INSERT INTO `cities` VALUES ('1610', '16', 'KABUPATEN OGAN ILIR');
INSERT INTO `cities` VALUES ('1611', '16', 'KABUPATEN EMPAT LAWANG');
INSERT INTO `cities` VALUES ('1612', '16', 'KABUPATEN PENUKAL ABAB LEMATANG ILIR');
INSERT INTO `cities` VALUES ('1613', '16', 'KABUPATEN MUSI RAWAS UTARA');
INSERT INTO `cities` VALUES ('1671', '16', 'KOTA PALEMBANG');
INSERT INTO `cities` VALUES ('1672', '16', 'KOTA PRABUMULIH');
INSERT INTO `cities` VALUES ('1673', '16', 'KOTA PAGAR ALAM');
INSERT INTO `cities` VALUES ('1674', '16', 'KOTA LUBUKLINGGAU');
INSERT INTO `cities` VALUES ('1701', '17', 'KABUPATEN BENGKULU SELATAN');
INSERT INTO `cities` VALUES ('1702', '17', 'KABUPATEN REJANG LEBONG');
INSERT INTO `cities` VALUES ('1703', '17', 'KABUPATEN BENGKULU UTARA');
INSERT INTO `cities` VALUES ('1704', '17', 'KABUPATEN KAUR');
INSERT INTO `cities` VALUES ('1705', '17', 'KABUPATEN SELUMA');
INSERT INTO `cities` VALUES ('1706', '17', 'KABUPATEN MUKOMUKO');
INSERT INTO `cities` VALUES ('1707', '17', 'KABUPATEN LEBONG');
INSERT INTO `cities` VALUES ('1708', '17', 'KABUPATEN KEPAHIANG');
INSERT INTO `cities` VALUES ('1709', '17', 'KABUPATEN BENGKULU TENGAH');
INSERT INTO `cities` VALUES ('1771', '17', 'KOTA BENGKULU');
INSERT INTO `cities` VALUES ('1801', '18', 'KABUPATEN LAMPUNG BARAT');
INSERT INTO `cities` VALUES ('1802', '18', 'KABUPATEN TANGGAMUS');
INSERT INTO `cities` VALUES ('1803', '18', 'KABUPATEN LAMPUNG SELATAN');
INSERT INTO `cities` VALUES ('1804', '18', 'KABUPATEN LAMPUNG TIMUR');
INSERT INTO `cities` VALUES ('1805', '18', 'KABUPATEN LAMPUNG TENGAH');
INSERT INTO `cities` VALUES ('1806', '18', 'KABUPATEN LAMPUNG UTARA');
INSERT INTO `cities` VALUES ('1807', '18', 'KABUPATEN WAY KANAN');
INSERT INTO `cities` VALUES ('1808', '18', 'KABUPATEN TULANGBAWANG');
INSERT INTO `cities` VALUES ('1809', '18', 'KABUPATEN PESAWARAN');
INSERT INTO `cities` VALUES ('1810', '18', 'KABUPATEN PRINGSEWU');
INSERT INTO `cities` VALUES ('1811', '18', 'KABUPATEN MESUJI');
INSERT INTO `cities` VALUES ('1812', '18', 'KABUPATEN TULANG BAWANG BARAT');
INSERT INTO `cities` VALUES ('1813', '18', 'KABUPATEN PESISIR BARAT');
INSERT INTO `cities` VALUES ('1871', '18', 'KOTA BANDAR LAMPUNG');
INSERT INTO `cities` VALUES ('1872', '18', 'KOTA METRO');
INSERT INTO `cities` VALUES ('1901', '19', 'KABUPATEN BANGKA');
INSERT INTO `cities` VALUES ('1902', '19', 'KABUPATEN BELITUNG');
INSERT INTO `cities` VALUES ('1903', '19', 'KABUPATEN BANGKA BARAT');
INSERT INTO `cities` VALUES ('1904', '19', 'KABUPATEN BANGKA TENGAH');
INSERT INTO `cities` VALUES ('1905', '19', 'KABUPATEN BANGKA SELATAN');
INSERT INTO `cities` VALUES ('1906', '19', 'KABUPATEN BELITUNG TIMUR');
INSERT INTO `cities` VALUES ('1971', '19', 'KOTA PANGKAL PINANG');
INSERT INTO `cities` VALUES ('2101', '21', 'KABUPATEN KARIMUN');
INSERT INTO `cities` VALUES ('2102', '21', 'KABUPATEN BINTAN');
INSERT INTO `cities` VALUES ('2103', '21', 'KABUPATEN NATUNA');
INSERT INTO `cities` VALUES ('2104', '21', 'KABUPATEN LINGGA');
INSERT INTO `cities` VALUES ('2105', '21', 'KABUPATEN KEPULAUAN ANAMBAS');
INSERT INTO `cities` VALUES ('2171', '21', 'KOTA B A T A M');
INSERT INTO `cities` VALUES ('2172', '21', 'KOTA TANJUNG PINANG');
INSERT INTO `cities` VALUES ('3101', '31', 'KABUPATEN KEPULAUAN SERIBU');
INSERT INTO `cities` VALUES ('3171', '31', 'KOTA JAKARTA SELATAN');
INSERT INTO `cities` VALUES ('3172', '31', 'KOTA JAKARTA TIMUR');
INSERT INTO `cities` VALUES ('3173', '31', 'KOTA JAKARTA PUSAT');
INSERT INTO `cities` VALUES ('3174', '31', 'KOTA JAKARTA BARAT');
INSERT INTO `cities` VALUES ('3175', '31', 'KOTA JAKARTA UTARA');
INSERT INTO `cities` VALUES ('3201', '32', 'KABUPATEN BOGOR');
INSERT INTO `cities` VALUES ('3202', '32', 'KABUPATEN SUKABUMI');
INSERT INTO `cities` VALUES ('3203', '32', 'KABUPATEN CIANJUR');
INSERT INTO `cities` VALUES ('3204', '32', 'KABUPATEN BANDUNG');
INSERT INTO `cities` VALUES ('3205', '32', 'KABUPATEN GARUT');
INSERT INTO `cities` VALUES ('3206', '32', 'KABUPATEN TASIKMALAYA');
INSERT INTO `cities` VALUES ('3207', '32', 'KABUPATEN CIAMIS');
INSERT INTO `cities` VALUES ('3208', '32', 'KABUPATEN KUNINGAN');
INSERT INTO `cities` VALUES ('3209', '32', 'KABUPATEN CIREBON');
INSERT INTO `cities` VALUES ('3210', '32', 'KABUPATEN MAJALENGKA');
INSERT INTO `cities` VALUES ('3211', '32', 'KABUPATEN SUMEDANG');
INSERT INTO `cities` VALUES ('3212', '32', 'KABUPATEN INDRAMAYU');
INSERT INTO `cities` VALUES ('3213', '32', 'KABUPATEN SUBANG');
INSERT INTO `cities` VALUES ('3214', '32', 'KABUPATEN PURWAKARTA');
INSERT INTO `cities` VALUES ('3215', '32', 'KABUPATEN KARAWANG');
INSERT INTO `cities` VALUES ('3216', '32', 'KABUPATEN BEKASI');
INSERT INTO `cities` VALUES ('3217', '32', 'KABUPATEN BANDUNG BARAT');
INSERT INTO `cities` VALUES ('3218', '32', 'KABUPATEN PANGANDARAN');
INSERT INTO `cities` VALUES ('3271', '32', 'KOTA BOGOR');
INSERT INTO `cities` VALUES ('3272', '32', 'KOTA SUKABUMI');
INSERT INTO `cities` VALUES ('3273', '32', 'KOTA BANDUNG');
INSERT INTO `cities` VALUES ('3274', '32', 'KOTA CIREBON');
INSERT INTO `cities` VALUES ('3275', '32', 'KOTA BEKASI');
INSERT INTO `cities` VALUES ('3276', '32', 'KOTA DEPOK');
INSERT INTO `cities` VALUES ('3277', '32', 'KOTA CIMAHI');
INSERT INTO `cities` VALUES ('3278', '32', 'KOTA TASIKMALAYA');
INSERT INTO `cities` VALUES ('3279', '32', 'KOTA BANJAR');
INSERT INTO `cities` VALUES ('3301', '33', 'KABUPATEN CILACAP');
INSERT INTO `cities` VALUES ('3302', '33', 'KABUPATEN BANYUMAS');
INSERT INTO `cities` VALUES ('3303', '33', 'KABUPATEN PURBALINGGA');
INSERT INTO `cities` VALUES ('3304', '33', 'KABUPATEN BANJARNEGARA');
INSERT INTO `cities` VALUES ('3305', '33', 'KABUPATEN KEBUMEN');
INSERT INTO `cities` VALUES ('3306', '33', 'KABUPATEN PURWOREJO');
INSERT INTO `cities` VALUES ('3307', '33', 'KABUPATEN WONOSOBO');
INSERT INTO `cities` VALUES ('3308', '33', 'KABUPATEN MAGELANG');
INSERT INTO `cities` VALUES ('3309', '33', 'KABUPATEN BOYOLALI');
INSERT INTO `cities` VALUES ('3310', '33', 'KABUPATEN KLATEN');
INSERT INTO `cities` VALUES ('3311', '33', 'KABUPATEN SUKOHARJO');
INSERT INTO `cities` VALUES ('3312', '33', 'KABUPATEN WONOGIRI');
INSERT INTO `cities` VALUES ('3313', '33', 'KABUPATEN KARANGANYAR');
INSERT INTO `cities` VALUES ('3314', '33', 'KABUPATEN SRAGEN');
INSERT INTO `cities` VALUES ('3315', '33', 'KABUPATEN GROBOGAN');
INSERT INTO `cities` VALUES ('3316', '33', 'KABUPATEN BLORA');
INSERT INTO `cities` VALUES ('3317', '33', 'KABUPATEN REMBANG');
INSERT INTO `cities` VALUES ('3318', '33', 'KABUPATEN PATI');
INSERT INTO `cities` VALUES ('3319', '33', 'KABUPATEN KUDUS');
INSERT INTO `cities` VALUES ('3320', '33', 'KABUPATEN JEPARA');
INSERT INTO `cities` VALUES ('3321', '33', 'KABUPATEN DEMAK');
INSERT INTO `cities` VALUES ('3322', '33', 'KABUPATEN SEMARANG');
INSERT INTO `cities` VALUES ('3323', '33', 'KABUPATEN TEMANGGUNG');
INSERT INTO `cities` VALUES ('3324', '33', 'KABUPATEN KENDAL');
INSERT INTO `cities` VALUES ('3325', '33', 'KABUPATEN BATANG');
INSERT INTO `cities` VALUES ('3326', '33', 'KABUPATEN PEKALONGAN');
INSERT INTO `cities` VALUES ('3327', '33', 'KABUPATEN PEMALANG');
INSERT INTO `cities` VALUES ('3328', '33', 'KABUPATEN TEGAL');
INSERT INTO `cities` VALUES ('3329', '33', 'KABUPATEN BREBES');
INSERT INTO `cities` VALUES ('3371', '33', 'KOTA MAGELANG');
INSERT INTO `cities` VALUES ('3372', '33', 'KOTA SURAKARTA');
INSERT INTO `cities` VALUES ('3373', '33', 'KOTA SALATIGA');
INSERT INTO `cities` VALUES ('3374', '33', 'KOTA SEMARANG');
INSERT INTO `cities` VALUES ('3375', '33', 'KOTA PEKALONGAN');
INSERT INTO `cities` VALUES ('3376', '33', 'KOTA TEGAL');
INSERT INTO `cities` VALUES ('3401', '34', 'KABUPATEN KULON PROGO');
INSERT INTO `cities` VALUES ('3402', '34', 'KABUPATEN BANTUL');
INSERT INTO `cities` VALUES ('3403', '34', 'KABUPATEN GUNUNG KIDUL');
INSERT INTO `cities` VALUES ('3404', '34', 'KABUPATEN SLEMAN');
INSERT INTO `cities` VALUES ('3471', '34', 'KOTA YOGYAKARTA');
INSERT INTO `cities` VALUES ('3501', '35', 'KABUPATEN PACITAN');
INSERT INTO `cities` VALUES ('3502', '35', 'KABUPATEN PONOROGO');
INSERT INTO `cities` VALUES ('3503', '35', 'KABUPATEN TRENGGALEK');
INSERT INTO `cities` VALUES ('3504', '35', 'KABUPATEN TULUNGAGUNG');
INSERT INTO `cities` VALUES ('3505', '35', 'KABUPATEN BLITAR');
INSERT INTO `cities` VALUES ('3506', '35', 'KABUPATEN KEDIRI');
INSERT INTO `cities` VALUES ('3507', '35', 'KABUPATEN MALANG');
INSERT INTO `cities` VALUES ('3508', '35', 'KABUPATEN LUMAJANG');
INSERT INTO `cities` VALUES ('3509', '35', 'KABUPATEN JEMBER');
INSERT INTO `cities` VALUES ('3510', '35', 'KABUPATEN BANYUWANGI');
INSERT INTO `cities` VALUES ('3511', '35', 'KABUPATEN BONDOWOSO');
INSERT INTO `cities` VALUES ('3512', '35', 'KABUPATEN SITUBONDO');
INSERT INTO `cities` VALUES ('3513', '35', 'KABUPATEN PROBOLINGGO');
INSERT INTO `cities` VALUES ('3514', '35', 'KABUPATEN PASURUAN');
INSERT INTO `cities` VALUES ('3515', '35', 'KABUPATEN SIDOARJO');
INSERT INTO `cities` VALUES ('3516', '35', 'KABUPATEN MOJOKERTO');
INSERT INTO `cities` VALUES ('3517', '35', 'KABUPATEN JOMBANG');
INSERT INTO `cities` VALUES ('3518', '35', 'KABUPATEN NGANJUK');
INSERT INTO `cities` VALUES ('3519', '35', 'KABUPATEN MADIUN');
INSERT INTO `cities` VALUES ('3520', '35', 'KABUPATEN MAGETAN');
INSERT INTO `cities` VALUES ('3521', '35', 'KABUPATEN NGAWI');
INSERT INTO `cities` VALUES ('3522', '35', 'KABUPATEN BOJONEGORO');
INSERT INTO `cities` VALUES ('3523', '35', 'KABUPATEN TUBAN');
INSERT INTO `cities` VALUES ('3524', '35', 'KABUPATEN LAMONGAN');
INSERT INTO `cities` VALUES ('3525', '35', 'KABUPATEN GRESIK');
INSERT INTO `cities` VALUES ('3526', '35', 'KABUPATEN BANGKALAN');
INSERT INTO `cities` VALUES ('3527', '35', 'KABUPATEN SAMPANG');
INSERT INTO `cities` VALUES ('3528', '35', 'KABUPATEN PAMEKASAN');
INSERT INTO `cities` VALUES ('3529', '35', 'KABUPATEN SUMENEP');
INSERT INTO `cities` VALUES ('3571', '35', 'KOTA KEDIRI');
INSERT INTO `cities` VALUES ('3572', '35', 'KOTA BLITAR');
INSERT INTO `cities` VALUES ('3573', '35', 'KOTA MALANG');
INSERT INTO `cities` VALUES ('3574', '35', 'KOTA PROBOLINGGO');
INSERT INTO `cities` VALUES ('3575', '35', 'KOTA PASURUAN');
INSERT INTO `cities` VALUES ('3576', '35', 'KOTA MOJOKERTO');
INSERT INTO `cities` VALUES ('3577', '35', 'KOTA MADIUN');
INSERT INTO `cities` VALUES ('3578', '35', 'KOTA SURABAYA');
INSERT INTO `cities` VALUES ('3579', '35', 'KOTA BATU');
INSERT INTO `cities` VALUES ('3601', '36', 'KABUPATEN PANDEGLANG');
INSERT INTO `cities` VALUES ('3602', '36', 'KABUPATEN LEBAK');
INSERT INTO `cities` VALUES ('3603', '36', 'KABUPATEN TANGERANG');
INSERT INTO `cities` VALUES ('3604', '36', 'KABUPATEN SERANG');
INSERT INTO `cities` VALUES ('3671', '36', 'KOTA TANGERANG');
INSERT INTO `cities` VALUES ('3672', '36', 'KOTA CILEGON');
INSERT INTO `cities` VALUES ('3673', '36', 'KOTA SERANG');
INSERT INTO `cities` VALUES ('3674', '36', 'KOTA TANGERANG SELATAN');
INSERT INTO `cities` VALUES ('5101', '51', 'KABUPATEN JEMBRANA');
INSERT INTO `cities` VALUES ('5102', '51', 'KABUPATEN TABANAN');
INSERT INTO `cities` VALUES ('5103', '51', 'KABUPATEN BADUNG');
INSERT INTO `cities` VALUES ('5104', '51', 'KABUPATEN GIANYAR');
INSERT INTO `cities` VALUES ('5105', '51', 'KABUPATEN KLUNGKUNG');
INSERT INTO `cities` VALUES ('5106', '51', 'KABUPATEN BANGLI');
INSERT INTO `cities` VALUES ('5107', '51', 'KABUPATEN KARANG ASEM');
INSERT INTO `cities` VALUES ('5108', '51', 'KABUPATEN BULELENG');
INSERT INTO `cities` VALUES ('5171', '51', 'KOTA DENPASAR');
INSERT INTO `cities` VALUES ('5201', '52', 'KABUPATEN LOMBOK BARAT');
INSERT INTO `cities` VALUES ('5202', '52', 'KABUPATEN LOMBOK TENGAH');
INSERT INTO `cities` VALUES ('5203', '52', 'KABUPATEN LOMBOK TIMUR');
INSERT INTO `cities` VALUES ('5204', '52', 'KABUPATEN SUMBAWA');
INSERT INTO `cities` VALUES ('5205', '52', 'KABUPATEN DOMPU');
INSERT INTO `cities` VALUES ('5206', '52', 'KABUPATEN BIMA');
INSERT INTO `cities` VALUES ('5207', '52', 'KABUPATEN SUMBAWA BARAT');
INSERT INTO `cities` VALUES ('5208', '52', 'KABUPATEN LOMBOK UTARA');
INSERT INTO `cities` VALUES ('5271', '52', 'KOTA MATARAM');
INSERT INTO `cities` VALUES ('5272', '52', 'KOTA BIMA');
INSERT INTO `cities` VALUES ('5301', '53', 'KABUPATEN SUMBA BARAT');
INSERT INTO `cities` VALUES ('5302', '53', 'KABUPATEN SUMBA TIMUR');
INSERT INTO `cities` VALUES ('5303', '53', 'KABUPATEN KUPANG');
INSERT INTO `cities` VALUES ('5304', '53', 'KABUPATEN TIMOR TENGAH SELATAN');
INSERT INTO `cities` VALUES ('5305', '53', 'KABUPATEN TIMOR TENGAH UTARA');
INSERT INTO `cities` VALUES ('5306', '53', 'KABUPATEN BELU');
INSERT INTO `cities` VALUES ('5307', '53', 'KABUPATEN ALOR');
INSERT INTO `cities` VALUES ('5308', '53', 'KABUPATEN LEMBATA');
INSERT INTO `cities` VALUES ('5309', '53', 'KABUPATEN FLORES TIMUR');
INSERT INTO `cities` VALUES ('5310', '53', 'KABUPATEN SIKKA');
INSERT INTO `cities` VALUES ('5311', '53', 'KABUPATEN ENDE');
INSERT INTO `cities` VALUES ('5312', '53', 'KABUPATEN NGADA');
INSERT INTO `cities` VALUES ('5313', '53', 'KABUPATEN MANGGARAI');
INSERT INTO `cities` VALUES ('5314', '53', 'KABUPATEN ROTE NDAO');
INSERT INTO `cities` VALUES ('5315', '53', 'KABUPATEN MANGGARAI BARAT');
INSERT INTO `cities` VALUES ('5316', '53', 'KABUPATEN SUMBA TENGAH');
INSERT INTO `cities` VALUES ('5317', '53', 'KABUPATEN SUMBA BARAT DAYA');
INSERT INTO `cities` VALUES ('5318', '53', 'KABUPATEN NAGEKEO');
INSERT INTO `cities` VALUES ('5319', '53', 'KABUPATEN MANGGARAI TIMUR');
INSERT INTO `cities` VALUES ('5320', '53', 'KABUPATEN SABU RAIJUA');
INSERT INTO `cities` VALUES ('5321', '53', 'KABUPATEN MALAKA');
INSERT INTO `cities` VALUES ('5371', '53', 'KOTA KUPANG');
INSERT INTO `cities` VALUES ('6101', '61', 'KABUPATEN SAMBAS');
INSERT INTO `cities` VALUES ('6102', '61', 'KABUPATEN BENGKAYANG');
INSERT INTO `cities` VALUES ('6103', '61', 'KABUPATEN LANDAK');
INSERT INTO `cities` VALUES ('6104', '61', 'KABUPATEN MEMPAWAH');
INSERT INTO `cities` VALUES ('6105', '61', 'KABUPATEN SANGGAU');
INSERT INTO `cities` VALUES ('6106', '61', 'KABUPATEN KETAPANG');
INSERT INTO `cities` VALUES ('6107', '61', 'KABUPATEN SINTANG');
INSERT INTO `cities` VALUES ('6108', '61', 'KABUPATEN KAPUAS HULU');
INSERT INTO `cities` VALUES ('6109', '61', 'KABUPATEN SEKADAU');
INSERT INTO `cities` VALUES ('6110', '61', 'KABUPATEN MELAWI');
INSERT INTO `cities` VALUES ('6111', '61', 'KABUPATEN KAYONG UTARA');
INSERT INTO `cities` VALUES ('6112', '61', 'KABUPATEN KUBU RAYA');
INSERT INTO `cities` VALUES ('6171', '61', 'KOTA PONTIANAK');
INSERT INTO `cities` VALUES ('6172', '61', 'KOTA SINGKAWANG');
INSERT INTO `cities` VALUES ('6201', '62', 'KABUPATEN KOTAWARINGIN BARAT');
INSERT INTO `cities` VALUES ('6202', '62', 'KABUPATEN KOTAWARINGIN TIMUR');
INSERT INTO `cities` VALUES ('6203', '62', 'KABUPATEN KAPUAS');
INSERT INTO `cities` VALUES ('6204', '62', 'KABUPATEN BARITO SELATAN');
INSERT INTO `cities` VALUES ('6205', '62', 'KABUPATEN BARITO UTARA');
INSERT INTO `cities` VALUES ('6206', '62', 'KABUPATEN SUKAMARA');
INSERT INTO `cities` VALUES ('6207', '62', 'KABUPATEN LAMANDAU');
INSERT INTO `cities` VALUES ('6208', '62', 'KABUPATEN SERUYAN');
INSERT INTO `cities` VALUES ('6209', '62', 'KABUPATEN KATINGAN');
INSERT INTO `cities` VALUES ('6210', '62', 'KABUPATEN PULANG PISAU');
INSERT INTO `cities` VALUES ('6211', '62', 'KABUPATEN GUNUNG MAS');
INSERT INTO `cities` VALUES ('6212', '62', 'KABUPATEN BARITO TIMUR');
INSERT INTO `cities` VALUES ('6213', '62', 'KABUPATEN MURUNG RAYA');
INSERT INTO `cities` VALUES ('6271', '62', 'KOTA PALANGKA RAYA');
INSERT INTO `cities` VALUES ('6301', '63', 'KABUPATEN TANAH LAUT');
INSERT INTO `cities` VALUES ('6302', '63', 'KABUPATEN KOTA BARU');
INSERT INTO `cities` VALUES ('6303', '63', 'KABUPATEN BANJAR');
INSERT INTO `cities` VALUES ('6304', '63', 'KABUPATEN BARITO KUALA');
INSERT INTO `cities` VALUES ('6305', '63', 'KABUPATEN TAPIN');
INSERT INTO `cities` VALUES ('6306', '63', 'KABUPATEN HULU SUNGAI SELATAN');
INSERT INTO `cities` VALUES ('6307', '63', 'KABUPATEN HULU SUNGAI TENGAH');
INSERT INTO `cities` VALUES ('6308', '63', 'KABUPATEN HULU SUNGAI UTARA');
INSERT INTO `cities` VALUES ('6309', '63', 'KABUPATEN TABALONG');
INSERT INTO `cities` VALUES ('6310', '63', 'KABUPATEN TANAH BUMBU');
INSERT INTO `cities` VALUES ('6311', '63', 'KABUPATEN BALANGAN');
INSERT INTO `cities` VALUES ('6371', '63', 'KOTA BANJARMASIN');
INSERT INTO `cities` VALUES ('6372', '63', 'KOTA BANJAR BARU');
INSERT INTO `cities` VALUES ('6401', '64', 'KABUPATEN PASER');
INSERT INTO `cities` VALUES ('6402', '64', 'KABUPATEN KUTAI BARAT');
INSERT INTO `cities` VALUES ('6403', '64', 'KABUPATEN KUTAI KARTANEGARA');
INSERT INTO `cities` VALUES ('6404', '64', 'KABUPATEN KUTAI TIMUR');
INSERT INTO `cities` VALUES ('6405', '64', 'KABUPATEN BERAU');
INSERT INTO `cities` VALUES ('6409', '64', 'KABUPATEN PENAJAM PASER UTARA');
INSERT INTO `cities` VALUES ('6411', '64', 'KABUPATEN MAHAKAM HULU');
INSERT INTO `cities` VALUES ('6471', '64', 'KOTA BALIKPAPAN');
INSERT INTO `cities` VALUES ('6472', '64', 'KOTA SAMARINDA');
INSERT INTO `cities` VALUES ('6474', '64', 'KOTA BONTANG');
INSERT INTO `cities` VALUES ('6501', '65', 'KABUPATEN MALINAU');
INSERT INTO `cities` VALUES ('6502', '65', 'KABUPATEN BULUNGAN');
INSERT INTO `cities` VALUES ('6503', '65', 'KABUPATEN TANA TIDUNG');
INSERT INTO `cities` VALUES ('6504', '65', 'KABUPATEN NUNUKAN');
INSERT INTO `cities` VALUES ('6571', '65', 'KOTA TARAKAN');
INSERT INTO `cities` VALUES ('7101', '71', 'KABUPATEN BOLAANG MONGONDOW');
INSERT INTO `cities` VALUES ('7102', '71', 'KABUPATEN MINAHASA');
INSERT INTO `cities` VALUES ('7103', '71', 'KABUPATEN KEPULAUAN SANGIHE');
INSERT INTO `cities` VALUES ('7104', '71', 'KABUPATEN KEPULAUAN TALAUD');
INSERT INTO `cities` VALUES ('7105', '71', 'KABUPATEN MINAHASA SELATAN');
INSERT INTO `cities` VALUES ('7106', '71', 'KABUPATEN MINAHASA UTARA');
INSERT INTO `cities` VALUES ('7107', '71', 'KABUPATEN BOLAANG MONGONDOW UTARA');
INSERT INTO `cities` VALUES ('7108', '71', 'KABUPATEN SIAU TAGULANDANG BIARO');
INSERT INTO `cities` VALUES ('7109', '71', 'KABUPATEN MINAHASA TENGGARA');
INSERT INTO `cities` VALUES ('7110', '71', 'KABUPATEN BOLAANG MONGONDOW SELATAN');
INSERT INTO `cities` VALUES ('7111', '71', 'KABUPATEN BOLAANG MONGONDOW TIMUR');
INSERT INTO `cities` VALUES ('7171', '71', 'KOTA MANADO');
INSERT INTO `cities` VALUES ('7172', '71', 'KOTA BITUNG');
INSERT INTO `cities` VALUES ('7173', '71', 'KOTA TOMOHON');
INSERT INTO `cities` VALUES ('7174', '71', 'KOTA KOTAMOBAGU');
INSERT INTO `cities` VALUES ('7201', '72', 'KABUPATEN BANGGAI KEPULAUAN');
INSERT INTO `cities` VALUES ('7202', '72', 'KABUPATEN BANGGAI');
INSERT INTO `cities` VALUES ('7203', '72', 'KABUPATEN MOROWALI');
INSERT INTO `cities` VALUES ('7204', '72', 'KABUPATEN POSO');
INSERT INTO `cities` VALUES ('7205', '72', 'KABUPATEN DONGGALA');
INSERT INTO `cities` VALUES ('7206', '72', 'KABUPATEN TOLI-TOLI');
INSERT INTO `cities` VALUES ('7207', '72', 'KABUPATEN BUOL');
INSERT INTO `cities` VALUES ('7208', '72', 'KABUPATEN PARIGI MOUTONG');
INSERT INTO `cities` VALUES ('7209', '72', 'KABUPATEN TOJO UNA-UNA');
INSERT INTO `cities` VALUES ('7210', '72', 'KABUPATEN SIGI');
INSERT INTO `cities` VALUES ('7211', '72', 'KABUPATEN BANGGAI LAUT');
INSERT INTO `cities` VALUES ('7212', '72', 'KABUPATEN MOROWALI UTARA');
INSERT INTO `cities` VALUES ('7271', '72', 'KOTA PALU');
INSERT INTO `cities` VALUES ('7301', '73', 'KABUPATEN KEPULAUAN SELAYAR');
INSERT INTO `cities` VALUES ('7302', '73', 'KABUPATEN BULUKUMBA');
INSERT INTO `cities` VALUES ('7303', '73', 'KABUPATEN BANTAENG');
INSERT INTO `cities` VALUES ('7304', '73', 'KABUPATEN JENEPONTO');
INSERT INTO `cities` VALUES ('7305', '73', 'KABUPATEN TAKALAR');
INSERT INTO `cities` VALUES ('7306', '73', 'KABUPATEN GOWA');
INSERT INTO `cities` VALUES ('7307', '73', 'KABUPATEN SINJAI');
INSERT INTO `cities` VALUES ('7308', '73', 'KABUPATEN MAROS');
INSERT INTO `cities` VALUES ('7309', '73', 'KABUPATEN PANGKAJENE DAN KEPULAUAN');
INSERT INTO `cities` VALUES ('7310', '73', 'KABUPATEN BARRU');
INSERT INTO `cities` VALUES ('7311', '73', 'KABUPATEN BONE');
INSERT INTO `cities` VALUES ('7312', '73', 'KABUPATEN SOPPENG');
INSERT INTO `cities` VALUES ('7313', '73', 'KABUPATEN WAJO');
INSERT INTO `cities` VALUES ('7314', '73', 'KABUPATEN SIDENRENG RAPPANG');
INSERT INTO `cities` VALUES ('7315', '73', 'KABUPATEN PINRANG');
INSERT INTO `cities` VALUES ('7316', '73', 'KABUPATEN ENREKANG');
INSERT INTO `cities` VALUES ('7317', '73', 'KABUPATEN LUWU');
INSERT INTO `cities` VALUES ('7318', '73', 'KABUPATEN TANA TORAJA');
INSERT INTO `cities` VALUES ('7322', '73', 'KABUPATEN LUWU UTARA');
INSERT INTO `cities` VALUES ('7325', '73', 'KABUPATEN LUWU TIMUR');
INSERT INTO `cities` VALUES ('7326', '73', 'KABUPATEN TORAJA UTARA');
INSERT INTO `cities` VALUES ('7371', '73', 'KOTA MAKASSAR');
INSERT INTO `cities` VALUES ('7372', '73', 'KOTA PAREPARE');
INSERT INTO `cities` VALUES ('7373', '73', 'KOTA PALOPO');
INSERT INTO `cities` VALUES ('7401', '74', 'KABUPATEN BUTON');
INSERT INTO `cities` VALUES ('7402', '74', 'KABUPATEN MUNA');
INSERT INTO `cities` VALUES ('7403', '74', 'KABUPATEN KONAWE');
INSERT INTO `cities` VALUES ('7404', '74', 'KABUPATEN KOLAKA');
INSERT INTO `cities` VALUES ('7405', '74', 'KABUPATEN KONAWE SELATAN');
INSERT INTO `cities` VALUES ('7406', '74', 'KABUPATEN BOMBANA');
INSERT INTO `cities` VALUES ('7407', '74', 'KABUPATEN WAKATOBI');
INSERT INTO `cities` VALUES ('7408', '74', 'KABUPATEN KOLAKA UTARA');
INSERT INTO `cities` VALUES ('7409', '74', 'KABUPATEN BUTON UTARA');
INSERT INTO `cities` VALUES ('7410', '74', 'KABUPATEN KONAWE UTARA');
INSERT INTO `cities` VALUES ('7411', '74', 'KABUPATEN KOLAKA TIMUR');
INSERT INTO `cities` VALUES ('7412', '74', 'KABUPATEN KONAWE KEPULAUAN');
INSERT INTO `cities` VALUES ('7413', '74', 'KABUPATEN MUNA BARAT');
INSERT INTO `cities` VALUES ('7414', '74', 'KABUPATEN BUTON TENGAH');
INSERT INTO `cities` VALUES ('7415', '74', 'KABUPATEN BUTON SELATAN');
INSERT INTO `cities` VALUES ('7471', '74', 'KOTA KENDARI');
INSERT INTO `cities` VALUES ('7472', '74', 'KOTA BAUBAU');
INSERT INTO `cities` VALUES ('7501', '75', 'KABUPATEN BOALEMO');
INSERT INTO `cities` VALUES ('7502', '75', 'KABUPATEN GORONTALO');
INSERT INTO `cities` VALUES ('7503', '75', 'KABUPATEN POHUWATO');
INSERT INTO `cities` VALUES ('7504', '75', 'KABUPATEN BONE BOLANGO');
INSERT INTO `cities` VALUES ('7505', '75', 'KABUPATEN GORONTALO UTARA');
INSERT INTO `cities` VALUES ('7571', '75', 'KOTA GORONTALO');
INSERT INTO `cities` VALUES ('7601', '76', 'KABUPATEN MAJENE');
INSERT INTO `cities` VALUES ('7602', '76', 'KABUPATEN POLEWALI MANDAR');
INSERT INTO `cities` VALUES ('7603', '76', 'KABUPATEN MAMASA');
INSERT INTO `cities` VALUES ('7604', '76', 'KABUPATEN MAMUJU');
INSERT INTO `cities` VALUES ('7605', '76', 'KABUPATEN MAMUJU UTARA');
INSERT INTO `cities` VALUES ('7606', '76', 'KABUPATEN MAMUJU TENGAH');
INSERT INTO `cities` VALUES ('8101', '81', 'KABUPATEN MALUKU TENGGARA BARAT');
INSERT INTO `cities` VALUES ('8102', '81', 'KABUPATEN MALUKU TENGGARA');
INSERT INTO `cities` VALUES ('8103', '81', 'KABUPATEN MALUKU TENGAH');
INSERT INTO `cities` VALUES ('8104', '81', 'KABUPATEN BURU');
INSERT INTO `cities` VALUES ('8105', '81', 'KABUPATEN KEPULAUAN ARU');
INSERT INTO `cities` VALUES ('8106', '81', 'KABUPATEN SERAM BAGIAN BARAT');
INSERT INTO `cities` VALUES ('8107', '81', 'KABUPATEN SERAM BAGIAN TIMUR');
INSERT INTO `cities` VALUES ('8108', '81', 'KABUPATEN MALUKU BARAT DAYA');
INSERT INTO `cities` VALUES ('8109', '81', 'KABUPATEN BURU SELATAN');
INSERT INTO `cities` VALUES ('8171', '81', 'KOTA AMBON');
INSERT INTO `cities` VALUES ('8172', '81', 'KOTA TUAL');
INSERT INTO `cities` VALUES ('8201', '82', 'KABUPATEN HALMAHERA BARAT');
INSERT INTO `cities` VALUES ('8202', '82', 'KABUPATEN HALMAHERA TENGAH');
INSERT INTO `cities` VALUES ('8203', '82', 'KABUPATEN KEPULAUAN SULA');
INSERT INTO `cities` VALUES ('8204', '82', 'KABUPATEN HALMAHERA SELATAN');
INSERT INTO `cities` VALUES ('8205', '82', 'KABUPATEN HALMAHERA UTARA');
INSERT INTO `cities` VALUES ('8206', '82', 'KABUPATEN HALMAHERA TIMUR');
INSERT INTO `cities` VALUES ('8207', '82', 'KABUPATEN PULAU MOROTAI');
INSERT INTO `cities` VALUES ('8208', '82', 'KABUPATEN PULAU TALIABU');
INSERT INTO `cities` VALUES ('8271', '82', 'KOTA TERNATE');
INSERT INTO `cities` VALUES ('8272', '82', 'KOTA TIDORE KEPULAUAN');
INSERT INTO `cities` VALUES ('9101', '91', 'KABUPATEN FAKFAK');
INSERT INTO `cities` VALUES ('9102', '91', 'KABUPATEN KAIMANA');
INSERT INTO `cities` VALUES ('9103', '91', 'KABUPATEN TELUK WONDAMA');
INSERT INTO `cities` VALUES ('9104', '91', 'KABUPATEN TELUK BINTUNI');
INSERT INTO `cities` VALUES ('9105', '91', 'KABUPATEN MANOKWARI');
INSERT INTO `cities` VALUES ('9106', '91', 'KABUPATEN SORONG SELATAN');
INSERT INTO `cities` VALUES ('9107', '91', 'KABUPATEN SORONG');
INSERT INTO `cities` VALUES ('9108', '91', 'KABUPATEN RAJA AMPAT');
INSERT INTO `cities` VALUES ('9109', '91', 'KABUPATEN TAMBRAUW');
INSERT INTO `cities` VALUES ('9110', '91', 'KABUPATEN MAYBRAT');
INSERT INTO `cities` VALUES ('9111', '91', 'KABUPATEN MANOKWARI SELATAN');
INSERT INTO `cities` VALUES ('9112', '91', 'KABUPATEN PEGUNUNGAN ARFAK');
INSERT INTO `cities` VALUES ('9171', '91', 'KOTA SORONG');
INSERT INTO `cities` VALUES ('9401', '94', 'KABUPATEN MERAUKE');
INSERT INTO `cities` VALUES ('9402', '94', 'KABUPATEN JAYAWIJAYA');
INSERT INTO `cities` VALUES ('9403', '94', 'KABUPATEN JAYAPURA');
INSERT INTO `cities` VALUES ('9404', '94', 'KABUPATEN NABIRE');
INSERT INTO `cities` VALUES ('9408', '94', 'KABUPATEN KEPULAUAN YAPEN');
INSERT INTO `cities` VALUES ('9409', '94', 'KABUPATEN BIAK NUMFOR');
INSERT INTO `cities` VALUES ('9410', '94', 'KABUPATEN PANIAI');
INSERT INTO `cities` VALUES ('9411', '94', 'KABUPATEN PUNCAK JAYA');
INSERT INTO `cities` VALUES ('9412', '94', 'KABUPATEN MIMIKA');
INSERT INTO `cities` VALUES ('9413', '94', 'KABUPATEN BOVEN DIGOEL');
INSERT INTO `cities` VALUES ('9414', '94', 'KABUPATEN MAPPI');
INSERT INTO `cities` VALUES ('9415', '94', 'KABUPATEN ASMAT');
INSERT INTO `cities` VALUES ('9416', '94', 'KABUPATEN YAHUKIMO');
INSERT INTO `cities` VALUES ('9417', '94', 'KABUPATEN PEGUNUNGAN BINTANG');
INSERT INTO `cities` VALUES ('9418', '94', 'KABUPATEN TOLIKARA');
INSERT INTO `cities` VALUES ('9419', '94', 'KABUPATEN SARMI');
INSERT INTO `cities` VALUES ('9420', '94', 'KABUPATEN KEEROM');
INSERT INTO `cities` VALUES ('9426', '94', 'KABUPATEN WAROPEN');
INSERT INTO `cities` VALUES ('9427', '94', 'KABUPATEN SUPIORI');
INSERT INTO `cities` VALUES ('9428', '94', 'KABUPATEN MAMBERAMO RAYA');
INSERT INTO `cities` VALUES ('9429', '94', 'KABUPATEN NDUGA');
INSERT INTO `cities` VALUES ('9430', '94', 'KABUPATEN LANNY JAYA');
INSERT INTO `cities` VALUES ('9431', '94', 'KABUPATEN MAMBERAMO TENGAH');
INSERT INTO `cities` VALUES ('9432', '94', 'KABUPATEN YALIMO');
INSERT INTO `cities` VALUES ('9433', '94', 'KABUPATEN PUNCAK');
INSERT INTO `cities` VALUES ('9434', '94', 'KABUPATEN DOGIYAI');
INSERT INTO `cities` VALUES ('9435', '94', 'KABUPATEN INTAN JAYA');
INSERT INTO `cities` VALUES ('9436', '94', 'KABUPATEN DEIYAI');
INSERT INTO `cities` VALUES ('9471', '94', 'KOTA JAYAPURA');
COMMIT;

-- ----------------------------
-- Table structure for keuangan_dispensasi
-- ----------------------------
DROP TABLE IF EXISTS `keuangan_dispensasi`;
CREATE TABLE `keuangan_dispensasi` (
  `id` int(11) NOT NULL AUTO_INCREMENT,
  `th_akademik_id` int(11) DEFAULT NULL,
  `nim` char(20) DEFAULT NULL,
  `keterangan` varchar(255) DEFAULT NULL,
  `user_id` int(11) DEFAULT NULL,
  `created_at` timestamp NULL DEFAULT NULL,
  `updated_at` timestamp NULL DEFAULT NULL,
  PRIMARY KEY (`id`),
  UNIQUE KEY `th_akademik_id` (`th_akademik_id`,`nim`) USING BTREE
) ENGINE=InnoDB AUTO_INCREMENT=6 DEFAULT CHARSET=latin1;

-- ----------------------------
-- Records of keuangan_dispensasi
-- ----------------------------
BEGIN;
INSERT INTO `keuangan_dispensasi` VALUES (2, 1, '18010001', 'belum bisa bayar SPP', 2, '2018-10-03 13:56:21', '2018-10-03 13:56:21');
INSERT INTO `keuangan_dispensasi` VALUES (3, 1, '17010001', 'sss', 2, '2018-10-03 14:01:29', '2018-10-03 14:01:29');
INSERT INTO `keuangan_dispensasi` VALUES (4, 1, '18010002', 'Telat Bayar Kuliah', 8, '2018-10-07 12:22:38', '2018-10-07 12:22:38');
INSERT INTO `keuangan_dispensasi` VALUES (5, 1, '18020002', 'test', 8, '2018-10-11 05:55:52', '2018-10-11 05:55:52');
COMMIT;

-- ----------------------------
-- Table structure for keuangan_pembayaran
-- ----------------------------
DROP TABLE IF EXISTS `keuangan_pembayaran`;
CREATE TABLE `keuangan_pembayaran` (
  `id` int(11) NOT NULL AUTO_INCREMENT,
  `nomor` char(20) NOT NULL,
  `tanggal` date NOT NULL,
  `th_akademik_id` int(11) NOT NULL,
  `tagihan_id` int(11) NOT NULL,
  `nim` char(20) NOT NULL,
  `smt` int(11) DEFAULT NULL,
  `jml_sks` int(11) DEFAULT NULL,
  `jumlah` double NOT NULL,
  `user_id` int(11) DEFAULT NULL,
  `created_at` timestamp NULL DEFAULT NULL,
  `updated_at` timestamp NULL DEFAULT NULL,
  PRIMARY KEY (`id`),
  UNIQUE KEY `nomor` (`nomor`)
) ENGINE=InnoDB AUTO_INCREMENT=27 DEFAULT CHARSET=latin1;

-- ----------------------------
-- Records of keuangan_pembayaran
-- ----------------------------
BEGIN;
INSERT INTO `keuangan_pembayaran` VALUES (1, '20180001', '2018-10-03', 1, 1, '18010001', NULL, NULL, 1000000, 2, '2018-10-03 10:11:25', '2018-10-03 10:11:25');
INSERT INTO `keuangan_pembayaran` VALUES (2, '20180002', '2018-10-03', 1, 3, '17010001', NULL, NULL, 1200000, 2, '2018-10-03 10:16:27', '2018-10-03 10:16:27');
INSERT INTO `keuangan_pembayaran` VALUES (3, '20180003', '2018-10-03', 1, 3, '17010001', NULL, NULL, 500000, 2, '2018-10-03 10:17:27', '2018-10-03 10:17:27');
INSERT INTO `keuangan_pembayaran` VALUES (4, '20180004', '2018-10-03', 1, 4, '17010001', NULL, NULL, 1500000, 2, '2018-10-03 11:41:05', '2018-10-03 11:41:05');
INSERT INTO `keuangan_pembayaran` VALUES (5, '20180005', '2018-10-07', 1, 1, '18010003', NULL, NULL, 1000000, 8, '2018-10-07 12:11:32', '2018-10-07 12:11:32');
INSERT INTO `keuangan_pembayaran` VALUES (6, '20180006', '2018-10-09', 1, 5, '17010001', NULL, NULL, 1500000, 8, '2018-10-09 07:30:15', '2018-10-09 07:30:15');
INSERT INTO `keuangan_pembayaran` VALUES (7, '20180007', '2018-10-12', 1, 1, '18010001', NULL, NULL, 1500000, 8, '2018-10-12 02:48:15', '2018-10-12 02:48:15');
INSERT INTO `keuangan_pembayaran` VALUES (8, '20180008', '2018-11-01', 1, 6, '17010001', 3, 4, 60000, 8, '2018-11-01 02:35:50', '2018-11-01 02:35:50');
INSERT INTO `keuangan_pembayaran` VALUES (9, '20180009', '2018-11-01', 1, 1, '18010002', 1, 1, 1000000, 8, '2018-11-01 03:16:14', '2018-11-01 03:16:14');
INSERT INTO `keuangan_pembayaran` VALUES (10, '20180010', '2018-11-01', 1, 1, '18010002', 1, 1, 500000, 8, '2018-11-01 03:17:47', '2018-11-01 03:17:47');
INSERT INTO `keuangan_pembayaran` VALUES (11, '20180011', '2018-11-01', 1, 1, '18010002', 1, 1, 500000, 8, '2018-11-01 03:30:11', '2018-11-01 03:30:11');
INSERT INTO `keuangan_pembayaran` VALUES (12, '20180012', '2018-11-01', 1, 1, '18010002', 1, 1, 100000, 8, '2018-11-01 03:31:14', '2018-11-01 03:31:14');
INSERT INTO `keuangan_pembayaran` VALUES (13, '20180013', '2018-11-01', 1, 1, '18010002', 1, 1, 100000, 8, '2018-11-01 03:32:38', '2018-11-01 03:32:38');
INSERT INTO `keuangan_pembayaran` VALUES (14, '20180014', '2018-11-01', 1, 1, '18010002', 1, 1, 100000, 8, '2018-11-01 03:36:33', '2018-11-01 03:36:33');
INSERT INTO `keuangan_pembayaran` VALUES (15, '20180015', '2018-11-01', 1, 1, '18010002', 1, 1, 100000, 8, '2018-11-01 03:38:32', '2018-11-01 03:38:32');
INSERT INTO `keuangan_pembayaran` VALUES (16, '20180016', '2018-11-01', 1, 3, '17010001', 3, 1, 100000, 8, '2018-11-01 03:48:20', '2018-11-01 03:48:20');
INSERT INTO `keuangan_pembayaran` VALUES (17, '20180017', '2018-11-01', 1, 3, '17010001', 3, 1, 100000, 8, '2018-11-01 03:50:24', '2018-11-01 03:50:24');
INSERT INTO `keuangan_pembayaran` VALUES (18, '20180018', '2018-11-01', 1, 1, '18010003', 1, 1, 100000, 8, '2018-11-01 03:57:36', '2018-11-01 03:57:36');
INSERT INTO `keuangan_pembayaran` VALUES (19, '20180019', '2018-11-01', 1, 1, '18010003', 1, 1, 100000, 8, '2018-11-01 03:58:35', '2018-11-01 03:58:35');
INSERT INTO `keuangan_pembayaran` VALUES (20, '20180020', '2018-11-01', 1, 1, '18010002', 1, 1, 1, 8, '2018-11-01 05:11:22', '2018-11-01 05:11:22');
INSERT INTO `keuangan_pembayaran` VALUES (21, '20180021', '2018-11-01', 1, 1, '18010002', 1, 1, 1, 8, '2018-11-01 05:12:32', '2018-11-01 05:12:32');
INSERT INTO `keuangan_pembayaran` VALUES (22, '20180022', '2018-11-01', 1, 1, '18010002', 1, 1, 1, 8, '2018-11-01 07:09:41', '2018-11-01 07:09:41');
INSERT INTO `keuangan_pembayaran` VALUES (23, '20180023', '2018-11-01', 1, 1, '18010002', 1, 1, 2, 8, '2018-11-01 07:11:54', '2018-11-01 07:11:54');
INSERT INTO `keuangan_pembayaran` VALUES (24, '20180024', '2018-11-01', 1, 1, '18010002', 1, 1, 2, 8, '2018-11-01 07:16:38', '2018-11-01 07:16:38');
INSERT INTO `keuangan_pembayaran` VALUES (25, '20180025', '2018-11-01', 1, 1, '18010002', 1, 1, 5, 8, '2018-11-01 07:18:23', '2018-11-01 07:18:23');
INSERT INTO `keuangan_pembayaran` VALUES (26, '20180026', '2018-11-01', 1, 1, '18010002', 1, 1, 5, 8, '2018-11-01 07:21:18', '2018-11-01 07:21:18');
COMMIT;

-- ----------------------------
-- Table structure for keuangan_tagihan
-- ----------------------------
DROP TABLE IF EXISTS `keuangan_tagihan`;
CREATE TABLE `keuangan_tagihan` (
  `id` int(11) NOT NULL AUTO_INCREMENT,
  `th_akademik_id` int(11) DEFAULT NULL,
  `th_angkatan_id` int(11) DEFAULT NULL,
  `prodi_id` int(11) DEFAULT NULL,
  `kelas_id` int(11) DEFAULT NULL,
  `form_schadule_id` int(11) DEFAULT NULL,
  `kode` varchar(50) DEFAULT NULL,
  `nama` varchar(255) DEFAULT NULL,
  `jumlah` double DEFAULT NULL,
  `x_sks` enum('Y','T') DEFAULT NULL,
  `user_id` int(11) DEFAULT NULL,
  `created_at` timestamp NULL DEFAULT NULL,
  `updated_at` timestamp NULL DEFAULT NULL,
  PRIMARY KEY (`id`)
) ENGINE=InnoDB AUTO_INCREMENT=7 DEFAULT CHARSET=latin1;

-- ----------------------------
-- Records of keuangan_tagihan
-- ----------------------------
BEGIN;
INSERT INTO `keuangan_tagihan` VALUES (1, 1, 1, 1, 6, 1, '11161', 'SPP', 2500000, NULL, 2, '2018-10-03 06:15:17', '2018-10-03 06:15:17');
INSERT INTO `keuangan_tagihan` VALUES (2, 1, 1, 2, 6, 1, '11261', 'SPP', 3000000, NULL, 2, '2018-10-03 06:19:27', '2018-10-03 06:19:27');
INSERT INTO `keuangan_tagihan` VALUES (3, 1, 2, 1, 6, 1, '12161', 'SPP', 2000000, NULL, 2, '2018-10-03 06:33:08', '2018-10-03 06:33:08');
INSERT INTO `keuangan_tagihan` VALUES (4, 3, 2, 1, 6, 1, '32161', 'SPP', 2000000, NULL, 2, '2018-10-03 10:22:56', '2018-10-03 10:22:56');
INSERT INTO `keuangan_tagihan` VALUES (5, 3, 2, 1, 6, 2, '32162', 'Tagihan Wisuda', 1500000, NULL, 8, '2018-10-09 07:22:38', '2018-10-09 07:22:38');
INSERT INTO `keuangan_tagihan` VALUES (6, 1, 2, 1, 6, 1, '12161', 'Tagihan SKS', 15000, 'Y', 8, '2018-11-01 01:50:45', '2018-11-01 01:50:45');
COMMIT;

-- ----------------------------
-- Table structure for kuesioner_jawaban
-- ----------------------------
DROP TABLE IF EXISTS `kuesioner_jawaban`;
CREATE TABLE `kuesioner_jawaban` (
  `id` int(11) NOT NULL AUTO_INCREMENT,
  `th_akademik_id` int(11) DEFAULT NULL,
  `nim` char(20) DEFAULT NULL,
  `dosen_id` int(11) DEFAULT NULL,
  `kekurangan` varchar(255) DEFAULT NULL,
  `kelebihan` varchar(255) DEFAULT NULL,
  `user_id` int(11) DEFAULT NULL,
  `created_at` timestamp NULL DEFAULT NULL,
  `updated_at` timestamp NULL DEFAULT NULL,
  PRIMARY KEY (`id`)
) ENGINE=InnoDB AUTO_INCREMENT=3 DEFAULT CHARSET=latin1;

-- ----------------------------
-- Records of kuesioner_jawaban
-- ----------------------------
BEGIN;
INSERT INTO `kuesioner_jawaban` VALUES (1, 1, '18010001', 1, 'test', 'test', 11, '2018-10-30 04:51:27', '2018-10-30 04:51:27');
INSERT INTO `kuesioner_jawaban` VALUES (2, 1, '18010001', 2, 'cukup', 'cukup', 11, '2018-10-30 04:51:42', '2018-10-30 04:51:42');
COMMIT;

-- ----------------------------
-- Table structure for kuesioner_jawaban_detail
-- ----------------------------
DROP TABLE IF EXISTS `kuesioner_jawaban_detail`;
CREATE TABLE `kuesioner_jawaban_detail` (
  `id` int(11) NOT NULL AUTO_INCREMENT,
  `pertanyaan_id` int(11) DEFAULT NULL,
  `jawaban_id` int(11) DEFAULT NULL,
  `jawab` varchar(100) DEFAULT NULL,
  `nilai` int(11) DEFAULT NULL,
  `user_id` int(11) DEFAULT NULL,
  `created_at` timestamp NULL DEFAULT NULL,
  `updated_at` timestamp NULL DEFAULT NULL,
  PRIMARY KEY (`id`)
) ENGINE=InnoDB AUTO_INCREMENT=7 DEFAULT CHARSET=latin1;

-- ----------------------------
-- Records of kuesioner_jawaban_detail
-- ----------------------------
BEGIN;
INSERT INTO `kuesioner_jawaban_detail` VALUES (1, 1, 1, 'MEMUASKAN', 5, 11, '2018-10-30 04:51:27', '2018-10-30 04:51:27');
INSERT INTO `kuesioner_jawaban_detail` VALUES (2, 3, 1, 'AMAT BAIK', 4, 11, '2018-10-30 04:51:27', '2018-10-30 04:51:27');
INSERT INTO `kuesioner_jawaban_detail` VALUES (3, 4, 1, 'BAIK', 3, 11, '2018-10-30 04:51:27', '2018-10-30 04:51:27');
INSERT INTO `kuesioner_jawaban_detail` VALUES (4, 1, 2, 'CUKUP', 2, 11, '2018-10-30 04:51:42', '2018-10-30 04:51:42');
INSERT INTO `kuesioner_jawaban_detail` VALUES (5, 3, 2, 'CUKUP', 2, 11, '2018-10-30 04:51:42', '2018-10-30 04:51:42');
INSERT INTO `kuesioner_jawaban_detail` VALUES (6, 4, 2, 'CUKUP', 2, 11, '2018-10-30 04:51:42', '2018-10-30 04:51:42');
COMMIT;

-- ----------------------------
-- Table structure for kuesioner_pertanyaan
-- ----------------------------
DROP TABLE IF EXISTS `kuesioner_pertanyaan`;
CREATE TABLE `kuesioner_pertanyaan` (
  `id` int(11) NOT NULL AUTO_INCREMENT,
  `pertanyaan` varchar(255) DEFAULT NULL,
  `aktif` enum('Y','T') DEFAULT 'Y',
  `user_id` int(11) DEFAULT NULL,
  `created_at` timestamp NULL DEFAULT NULL,
  `updated_at` timestamp NULL DEFAULT NULL,
  PRIMARY KEY (`id`)
) ENGINE=InnoDB AUTO_INCREMENT=5 DEFAULT CHARSET=latin1;

-- ----------------------------
-- Records of kuesioner_pertanyaan
-- ----------------------------
BEGIN;
INSERT INTO `kuesioner_pertanyaan` VALUES (1, 'Ketepatan waktu akhir mengajar', 'Y', 8, '2018-10-11 14:52:25', '2018-10-11 14:52:25');
INSERT INTO `kuesioner_pertanyaan` VALUES (3, 'Kerapihan berpakaian pada waktu mengajar', 'Y', 8, '2018-10-11 15:09:04', '2018-10-11 15:09:20');
INSERT INTO `kuesioner_pertanyaan` VALUES (4, 'Pemberian Motivasi kepada mahasiswa', 'Y', 8, '2018-10-11 15:09:53', '2018-10-11 15:10:12');
COMMIT;

-- ----------------------------
-- Table structure for kuesioner_pertanyaan_pilihan
-- ----------------------------
DROP TABLE IF EXISTS `kuesioner_pertanyaan_pilihan`;
CREATE TABLE `kuesioner_pertanyaan_pilihan` (
  `id` int(11) NOT NULL AUTO_INCREMENT,
  `kuesioner_pertanyaan_id` int(11) DEFAULT NULL,
  `pilihan` varchar(100) DEFAULT NULL,
  `nilai` int(11) DEFAULT NULL,
  `user_id` int(11) DEFAULT NULL,
  `created_at` timestamp NULL DEFAULT NULL,
  `updated_at` timestamp NULL DEFAULT NULL,
  PRIMARY KEY (`id`)
) ENGINE=InnoDB AUTO_INCREMENT=26 DEFAULT CHARSET=latin1;

-- ----------------------------
-- Records of kuesioner_pertanyaan_pilihan
-- ----------------------------
BEGIN;
INSERT INTO `kuesioner_pertanyaan_pilihan` VALUES (1, 1, 'MEMUASKAN', 5, 8, '2018-10-11 14:52:25', '2018-10-11 14:52:25');
INSERT INTO `kuesioner_pertanyaan_pilihan` VALUES (2, 1, 'AMAT BAIK', 4, 8, '2018-10-11 14:52:25', '2018-10-11 14:52:25');
INSERT INTO `kuesioner_pertanyaan_pilihan` VALUES (3, 1, 'BAIK', 3, 8, '2018-10-11 14:52:25', '2018-10-11 14:52:25');
INSERT INTO `kuesioner_pertanyaan_pilihan` VALUES (4, 1, 'CUKUP', 2, 8, '2018-10-11 14:52:25', '2018-10-11 14:52:25');
INSERT INTO `kuesioner_pertanyaan_pilihan` VALUES (5, 1, 'KURANG', 1, 8, '2018-10-11 14:52:25', '2018-10-11 14:52:25');
INSERT INTO `kuesioner_pertanyaan_pilihan` VALUES (11, 3, 'MEMUASKAN', 5, 8, '2018-10-11 15:09:20', '2018-10-11 15:09:20');
INSERT INTO `kuesioner_pertanyaan_pilihan` VALUES (12, 3, 'AMAT BAIK', 4, 8, '2018-10-11 15:09:20', '2018-10-11 15:09:20');
INSERT INTO `kuesioner_pertanyaan_pilihan` VALUES (13, 3, 'BAIK', 3, 8, '2018-10-11 15:09:20', '2018-10-11 15:09:20');
INSERT INTO `kuesioner_pertanyaan_pilihan` VALUES (14, 3, 'CUKUP', 2, 8, '2018-10-11 15:09:20', '2018-10-11 15:09:20');
INSERT INTO `kuesioner_pertanyaan_pilihan` VALUES (15, 3, 'KURANG', 1, 8, '2018-10-11 15:09:20', '2018-10-11 15:09:20');
INSERT INTO `kuesioner_pertanyaan_pilihan` VALUES (21, 4, 'MEMUASKAN', 5, 8, '2018-10-11 15:10:12', '2018-10-11 15:10:12');
INSERT INTO `kuesioner_pertanyaan_pilihan` VALUES (22, 4, 'AMAT BAIK', 4, 8, '2018-10-11 15:10:12', '2018-10-11 15:10:12');
INSERT INTO `kuesioner_pertanyaan_pilihan` VALUES (23, 4, 'BAIK', 3, 8, '2018-10-11 15:10:12', '2018-10-11 15:10:12');
INSERT INTO `kuesioner_pertanyaan_pilihan` VALUES (24, 4, 'CUKUP', 2, 8, '2018-10-11 15:10:12', '2018-10-11 15:10:12');
INSERT INTO `kuesioner_pertanyaan_pilihan` VALUES (25, 4, 'KURANG', 1, 8, '2018-10-11 15:10:12', '2018-10-11 15:10:12');
COMMIT;

-- ----------------------------
-- Table structure for migrations
-- ----------------------------
DROP TABLE IF EXISTS `migrations`;
CREATE TABLE `migrations` (
  `id` int(10) unsigned NOT NULL AUTO_INCREMENT,
  `migration` varchar(255) COLLATE utf8mb4_unicode_ci NOT NULL,
  `batch` int(11) NOT NULL,
  PRIMARY KEY (`id`)
) ENGINE=InnoDB AUTO_INCREMENT=3 DEFAULT CHARSET=utf8mb4 COLLATE=utf8mb4_unicode_ci;

-- ----------------------------
-- Records of migrations
-- ----------------------------
BEGIN;
INSERT INTO `migrations` VALUES (1, '2014_10_12_000000_create_users_table', 1);
INSERT INTO `migrations` VALUES (2, '2014_10_12_100000_create_password_resets_table', 1);
COMMIT;

-- ----------------------------
-- Table structure for mst_dosen
-- ----------------------------
DROP TABLE IF EXISTS `mst_dosen`;
CREATE TABLE `mst_dosen` (
  `id` int(11) NOT NULL AUTO_INCREMENT,
  `prodi_id` int(11) DEFAULT NULL,
  `kode` char(10) DEFAULT NULL,
  `nidn` varchar(50) DEFAULT NULL,
  `nama` varchar(255) DEFAULT NULL,
  `jk_id` int(11) DEFAULT NULL,
  `tempat_lahir` varchar(100) DEFAULT NULL,
  `tanggal_lahir` date DEFAULT NULL,
  `alamat` varchar(255) DEFAULT NULL,
  `kota_id` int(11) DEFAULT NULL,
  `email` varchar(100) DEFAULT NULL,
  `hp` varchar(100) DEFAULT NULL,
  `dosen_status_id` int(11) DEFAULT NULL,
  `user_id` int(11) DEFAULT NULL,
  `created_at` timestamp NULL DEFAULT NULL,
  `updated_at` timestamp NULL DEFAULT NULL,
  PRIMARY KEY (`id`)
) ENGINE=InnoDB AUTO_INCREMENT=10 DEFAULT CHARSET=latin1;

-- ----------------------------
-- Records of mst_dosen
-- ----------------------------
BEGIN;
INSERT INTO `mst_dosen` VALUES (1, 1, '1001', '12345', 'Deddy Rusdiansyah,S.Kom,M.Kom', 8, 'KABUPATEN PANDEGLANG', '1979-08-05', 'Cimuncang Sidomuncul No.16', 3673, 'deddy_rusdiansyah@yahoo.com', '087774846856', 23, 8, '2018-10-02 18:33:15', '2018-10-06 17:45:53');
INSERT INTO `mst_dosen` VALUES (2, 2, '2001', '32145', 'Deddy Rusdiansyah,M.Kom', 8, 'KABUPATEN PANDEGLANG', '1979-08-05', 'Cimuncang', 3673, 'deddy.rusdiansyah@gmail.com', '087774846856', 23, 2, '2018-10-03 00:11:56', '2018-10-03 00:11:56');
INSERT INTO `mst_dosen` VALUES (3, 2, '1122', '0', 'Dosen Tetap', 8, 'KOTA SERANG', '2018-10-11', 'serang', 3673, 'tetapdosen@gmail.com', '123', 23, 8, '2018-10-11 02:34:19', '2018-10-11 02:34:19');
INSERT INTO `mst_dosen` VALUES (7, 2, '10002', '0425107004', 'A. HIDAYAT, SPd., SE., MSi.', 8, NULL, NULL, NULL, NULL, NULL, NULL, 23, 8, '2018-10-26 09:26:53', '2018-10-26 09:26:53');
INSERT INTO `mst_dosen` VALUES (8, 2, '10010', '0425076804', 'DAYATULLAH, SE.,MM.', 8, NULL, NULL, NULL, NULL, NULL, NULL, 23, 8, '2018-10-26 09:26:53', '2018-10-26 09:26:53');
INSERT INTO `mst_dosen` VALUES (9, 1, '20050', '0402127904', 'DESTY ENDRAWATI SUBROTO, SS.,M.Pd', 9, NULL, NULL, NULL, NULL, NULL, NULL, 23, 8, '2018-10-26 09:26:53', '2018-10-26 09:26:53');
COMMIT;

-- ----------------------------
-- Table structure for mst_form_schadule
-- ----------------------------
DROP TABLE IF EXISTS `mst_form_schadule`;
CREATE TABLE `mst_form_schadule` (
  `id` int(11) NOT NULL AUTO_INCREMENT,
  `kode` char(10) NOT NULL,
  `nama` varchar(255) DEFAULT NULL,
  `tgl_mulai` date NOT NULL,
  `tgl_selesai` date NOT NULL,
  `aktif` enum('Y','T') DEFAULT NULL,
  `user_id` int(11) DEFAULT NULL,
  `created_at` timestamp NULL DEFAULT NULL,
  `updated_at` timestamp NULL DEFAULT NULL,
  PRIMARY KEY (`id`)
) ENGINE=InnoDB AUTO_INCREMENT=3 DEFAULT CHARSET=latin1;

-- ----------------------------
-- Records of mst_form_schadule
-- ----------------------------
BEGIN;
INSERT INTO `mst_form_schadule` VALUES (1, 'KRS', 'Kartu Rencana Studi', '2018-10-02', '2018-10-26', 'Y', 8, '2018-10-02 13:44:19', '2018-10-28 02:44:33');
INSERT INTO `mst_form_schadule` VALUES (2, 'WIS', 'Formulir Input Wisuda', '2018-10-02', '2018-10-19', 'Y', 2, '2018-10-02 13:45:11', '2018-10-02 13:45:11');
COMMIT;

-- ----------------------------
-- Table structure for mst_grade_nilai
-- ----------------------------
DROP TABLE IF EXISTS `mst_grade_nilai`;
CREATE TABLE `mst_grade_nilai` (
  `id` int(11) NOT NULL AUTO_INCREMENT,
  `th_akademik_id` int(11) DEFAULT NULL,
  `nilai_min` float DEFAULT NULL,
  `nilai_max` float DEFAULT NULL,
  `nilai_bobot` int(11) DEFAULT NULL,
  `nilai_huruf` char(5) DEFAULT NULL,
  `predikat` varchar(100) DEFAULT NULL,
  `user_id` int(11) DEFAULT NULL,
  `created_at` timestamp NULL DEFAULT NULL,
  `updated_at` timestamp NULL DEFAULT NULL,
  PRIMARY KEY (`id`)
) ENGINE=InnoDB AUTO_INCREMENT=6 DEFAULT CHARSET=latin1;

-- ----------------------------
-- Records of mst_grade_nilai
-- ----------------------------
BEGIN;
INSERT INTO `mst_grade_nilai` VALUES (1, 2, 0, 34, 0, 'E', 'GAGAL', 8, '2018-10-02 16:18:14', '2018-10-02 16:24:47');
INSERT INTO `mst_grade_nilai` VALUES (2, 2, 35, 54, 1, 'D', 'KURANG', 8, '2018-10-02 16:24:34', '2018-10-02 16:25:18');
INSERT INTO `mst_grade_nilai` VALUES (3, 2, 55, 69, 2, 'C', 'CUKUP', 8, '2018-10-02 16:26:35', '2018-10-02 16:26:50');
INSERT INTO `mst_grade_nilai` VALUES (4, 2, 70, 79, 3, 'B', 'BAIK', 8, '2018-10-02 16:27:15', '2018-10-02 16:27:15');
INSERT INTO `mst_grade_nilai` VALUES (5, 2, 80, 100, 4, 'A', 'SANGAT BAIK', 8, '2018-10-02 16:27:35', '2018-10-02 16:27:35');
COMMIT;

-- ----------------------------
-- Table structure for mst_komponen_nilai
-- ----------------------------
DROP TABLE IF EXISTS `mst_komponen_nilai`;
CREATE TABLE `mst_komponen_nilai` (
  `id` int(11) NOT NULL AUTO_INCREMENT,
  `kode` char(10) DEFAULT NULL,
  `nama` varchar(100) DEFAULT NULL,
  `bobot` int(11) DEFAULT NULL,
  `user_id` int(11) DEFAULT NULL,
  `created_at` timestamp NULL DEFAULT NULL,
  `updated_at` timestamp NULL DEFAULT NULL,
  PRIMARY KEY (`id`)
) ENGINE=InnoDB AUTO_INCREMENT=5 DEFAULT CHARSET=latin1;

-- ----------------------------
-- Records of mst_komponen_nilai
-- ----------------------------
BEGIN;
INSERT INTO `mst_komponen_nilai` VALUES (1, 'N1', 'SIKAP', 20, 8, '2018-10-02 15:29:11', '2018-10-02 15:37:46');
INSERT INTO `mst_komponen_nilai` VALUES (2, 'N2', 'Tugas', 15, 8, '2018-10-02 15:29:22', '2018-10-02 15:37:39');
INSERT INTO `mst_komponen_nilai` VALUES (3, 'N3', 'UTS', 25, 8, '2018-10-02 15:30:33', '2018-10-02 15:37:13');
INSERT INTO `mst_komponen_nilai` VALUES (4, 'N4', 'UAS', 40, 8, '2018-10-02 15:34:47', '2018-10-02 15:37:30');
COMMIT;

-- ----------------------------
-- Table structure for mst_matakuliah
-- ----------------------------
DROP TABLE IF EXISTS `mst_matakuliah`;
CREATE TABLE `mst_matakuliah` (
  `id` int(11) NOT NULL AUTO_INCREMENT,
  `prodi_id` int(11) DEFAULT NULL,
  `kode` char(10) DEFAULT NULL,
  `nama` varchar(100) DEFAULT NULL,
  `sks` int(11) DEFAULT NULL,
  `smt` int(11) DEFAULT NULL,
  `aktif` enum('Y','T') DEFAULT NULL,
  `user_id` int(11) DEFAULT NULL,
  `created_at` timestamp NULL DEFAULT NULL,
  `updated_at` timestamp NULL DEFAULT NULL,
  PRIMARY KEY (`id`)
) ENGINE=InnoDB AUTO_INCREMENT=48 DEFAULT CHARSET=latin1;

-- ----------------------------
-- Records of mst_matakuliah
-- ----------------------------
BEGIN;
INSERT INTO `mst_matakuliah` VALUES (1, 1, 'MA1-G001', 'PENDIDIKAN AGAMA', 2, 1, 'Y', 8, '2018-10-02 17:35:32', '2018-10-02 17:35:32');
INSERT INTO `mst_matakuliah` VALUES (2, 1, 'MA1-G002', 'PENDIDIKAN PANCASILA DAN KEWARGANEGARAAN', 2, 1, 'Y', 8, '2018-10-02 17:38:12', '2018-10-02 17:38:12');
INSERT INTO `mst_matakuliah` VALUES (3, 1, 'MA1-G003', 'BAHASA INGGRIS BISNIS', 3, 1, 'Y', 8, '2018-10-02 17:41:45', '2018-10-02 17:41:45');
INSERT INTO `mst_matakuliah` VALUES (4, 1, 'MA3-G018', 'KOMUNIKASI BISNIS', 2, 3, 'Y', 8, '2018-10-06 10:18:15', '2018-10-06 10:18:15');
INSERT INTO `mst_matakuliah` VALUES (5, 1, 'MA3-G019', 'TEKNOLOGI INFORMASI BISNIS', 3, 3, 'Y', 8, '2018-10-06 10:18:39', '2018-10-06 10:18:39');
INSERT INTO `mst_matakuliah` VALUES (6, 2, 'MA1-G001', 'PENDIDIKAN AGAMA', 2, 1, 'Y', 8, '2018-10-11 05:57:37', '2018-10-20 03:43:45');
INSERT INTO `mst_matakuliah` VALUES (40, 2, 'MA1-G003', 'BAHASA INGGRIS BISNIS', 3, 1, 'Y', 8, '2018-10-26 08:53:21', '2018-10-26 08:53:21');
INSERT INTO `mst_matakuliah` VALUES (41, 2, 'MA1-G004', 'MATEMATIKA BISNIS', 3, 1, 'Y', 8, '2018-10-26 08:53:21', '2018-10-26 08:53:21');
INSERT INTO `mst_matakuliah` VALUES (42, 2, 'MA1-G005', 'PENGANTAR BISNIS', 3, 1, 'Y', 8, '2018-10-26 08:53:21', '2018-10-26 08:53:21');
INSERT INTO `mst_matakuliah` VALUES (43, 2, 'MA1-G006', 'PENGANTAR AKUNTANSI', 2, 1, 'Y', 8, '2018-10-26 08:53:21', '2018-10-26 08:53:21');
INSERT INTO `mst_matakuliah` VALUES (44, 2, 'MA1-G007', 'PENGANTAR ILMU EKONOMI MIKRO', 3, 1, 'Y', 8, '2018-10-26 08:53:21', '2018-10-26 08:53:21');
INSERT INTO `mst_matakuliah` VALUES (45, 2, 'MA1-G008', 'BUDAYA BANTEN', 2, 1, 'Y', 8, '2018-10-26 08:53:21', '2018-10-26 08:53:21');
INSERT INTO `mst_matakuliah` VALUES (46, 2, 'MA2-G009', 'PENGANTAR ILMU EKONOMI MAKRO', 3, 2, 'Y', 8, '2018-10-26 08:53:21', '2018-10-26 08:53:21');
INSERT INTO `mst_matakuliah` VALUES (47, 2, 'MA2-G010', 'PENGANTAR MANAJEMEN', 3, 2, 'Y', 8, '2018-10-26 08:53:21', '2018-10-26 08:53:21');
COMMIT;

-- ----------------------------
-- Table structure for mst_mhs
-- ----------------------------
DROP TABLE IF EXISTS `mst_mhs`;
CREATE TABLE `mst_mhs` (
  `id` int(11) NOT NULL AUTO_INCREMENT,
  `th_akademik_id` int(11) DEFAULT NULL,
  `prodi_id` int(11) DEFAULT NULL,
  `kelas_id` int(11) DEFAULT NULL,
  `tanggal_masuk` date DEFAULT NULL,
  `nik` varchar(50) DEFAULT NULL,
  `nim` char(20) DEFAULT NULL,
  `nama` varchar(255) DEFAULT NULL,
  `jk_id` int(11) DEFAULT NULL,
  `tempat_lahir` varchar(255) DEFAULT NULL,
  `tanggal_lahir` date DEFAULT NULL,
  `agama_id` int(11) DEFAULT NULL,
  `alamat` varchar(255) DEFAULT NULL,
  `kota_id` int(11) DEFAULT NULL,
  `email` varchar(100) DEFAULT NULL,
  `hp` varchar(100) DEFAULT NULL,
  `nik_ayah` varchar(50) DEFAULT NULL,
  `nama_ayah` varchar(255) DEFAULT NULL,
  `nik_ibu` varchar(50) DEFAULT NULL,
  `nama_ibu` varchar(255) DEFAULT NULL,
  `status_id` int(11) DEFAULT NULL,
  `user_id` int(11) DEFAULT NULL,
  `created_at` timestamp NULL DEFAULT NULL,
  `updated_at` timestamp NULL DEFAULT NULL,
  PRIMARY KEY (`id`),
  UNIQUE KEY `nim` (`nim`)
) ENGINE=InnoDB AUTO_INCREMENT=9 DEFAULT CHARSET=latin1;

-- ----------------------------
-- Records of mst_mhs
-- ----------------------------
BEGIN;
INSERT INTO `mst_mhs` VALUES (1, 1, 1, 6, '2018-10-03', '12345', '18010001', 'Deddy Rusdiansyah', 8, 'KABUPATEN PANDEGLANG', '2018-10-03', 10, 'cimuncang', 3673, 'deddy.rusdiansyah@siakad.ac.id', '087774846856', '12345', 'Mr X', '543121', 'Mrs Z', 18, 8, '2018-10-03 01:19:59', '2018-10-08 12:46:54');
INSERT INTO `mst_mhs` VALUES (2, 2, 1, 6, '2018-10-03', '0', '17010001', 'Mr X', 8, 'KOTA SERANG', '2018-10-03', 10, 'Disini', 3673, 'mrx@siakad.ac.id', '08777', '123', 'Mr A', '321', 'Mrs B', 18, 8, '2018-10-03 03:46:49', '2018-10-09 07:30:15');
INSERT INTO `mst_mhs` VALUES (3, 1, 1, 6, '2018-10-03', '0', '18010002', 'Danish Putra Pramudya', 8, 'KOTA SERANG', '2018-10-03', 10, 'Cimuncang Sidomuncul', 3673, 'danish@gmail.com', '0877', '1234', 'Deddy', '1234', 'Ugi', 18, 8, '2018-10-03 15:58:34', '2018-10-08 03:49:56');
INSERT INTO `mst_mhs` VALUES (4, 1, 2, 6, '2018-10-07', '18010001', '18020001', 'Aqilah', 9, 'KOTA SERANG', '2018-10-07', 10, 'Cimuncang sidomuncul', 3673, 'aqilah@yahoo.com', '0877', '1234', 'Deddy', '1234', 'Ugi', 18, 8, '2018-10-06 18:06:10', '2018-10-06 18:06:10');
INSERT INTO `mst_mhs` VALUES (5, 1, 2, 6, '2018-10-07', '18010002', '18020002', 'Jihan Salsabila', 9, 'KOTA SERANG', '2018-10-07', 10, 'Cimuncang sidomuncul', 3673, 'jihan.salsabila@gmail.com', '0877', '1234', 'Deddy', '1234', 'Ugi', 18, 8, '2018-10-07 05:57:03', '2018-10-07 05:57:03');
INSERT INTO `mst_mhs` VALUES (6, 1, 1, 6, '2018-10-07', '18010002', '18010003', 'Andi', 8, 'KOTA SERANG', '2018-10-07', 10, 'Cimuncang sidomuncul', 3673, 'x@email.com', '08777', '1', 'z', '1', 'r', 18, 8, '2018-10-07 12:08:32', '2018-10-24 14:00:58');
INSERT INTO `mst_mhs` VALUES (8, 2, 1, 6, NULL, NULL, '17010002', 'SUPARNO', 8, NULL, NULL, NULL, NULL, NULL, NULL, NULL, NULL, NULL, NULL, NULL, 18, 8, '2018-10-26 10:26:47', '2018-10-26 10:26:47');
COMMIT;

-- ----------------------------
-- Table structure for mst_pejabat
-- ----------------------------
DROP TABLE IF EXISTS `mst_pejabat`;
CREATE TABLE `mst_pejabat` (
  `id` int(11) NOT NULL AUTO_INCREMENT,
  `kode` char(10) NOT NULL,
  `nama` varchar(100) DEFAULT NULL,
  `jabatan_id` int(11) NOT NULL,
  `user_id` int(11) DEFAULT NULL,
  `created_at` timestamp NULL DEFAULT NULL,
  `updated_at` timestamp NULL DEFAULT NULL,
  PRIMARY KEY (`id`)
) ENGINE=InnoDB AUTO_INCREMENT=3 DEFAULT CHARSET=latin1;

-- ----------------------------
-- Records of mst_pejabat
-- ----------------------------
BEGIN;
INSERT INTO `mst_pejabat` VALUES (1, '123', 'Ujang Ruslan,M.M', 29, 8, '2018-10-02 17:04:50', '2018-10-25 08:10:18');
INSERT INTO `mst_pejabat` VALUES (2, '234', 'Deddy Rusdiansyah,M.Kom', 28, 8, '2018-10-02 17:05:08', '2018-10-02 17:05:08');
COMMIT;

-- ----------------------------
-- Table structure for mst_prodi
-- ----------------------------
DROP TABLE IF EXISTS `mst_prodi`;
CREATE TABLE `mst_prodi` (
  `id` int(11) NOT NULL AUTO_INCREMENT,
  `kode` varchar(50) DEFAULT NULL,
  `nama` varchar(255) DEFAULT NULL,
  `aktif` enum('Y','T') DEFAULT 'T',
  `jenjang` char(5) DEFAULT NULL,
  `nidn_kepala` varchar(50) DEFAULT NULL,
  `nama_kepala` varchar(255) DEFAULT NULL,
  `akreditasi` char(5) DEFAULT NULL,
  `color` varchar(50) DEFAULT NULL,
  `user_id` int(11) DEFAULT NULL,
  `created_at` timestamp NULL DEFAULT NULL,
  `updated_at` timestamp NULL DEFAULT NULL,
  PRIMARY KEY (`id`)
) ENGINE=InnoDB AUTO_INCREMENT=3 DEFAULT CHARSET=latin1;

-- ----------------------------
-- Records of mst_prodi
-- ----------------------------
BEGIN;
INSERT INTO `mst_prodi` VALUES (1, '62201', 'AKUNTANSI', 'Y', 'S1', '123456', 'Deddy Rusdiansyah,M.Kom', 'B', '#E9967A', 8, '2018-10-02 16:43:53', '2018-10-02 16:43:53');
INSERT INTO `mst_prodi` VALUES (2, '61201', 'MANAJEMEN', 'Y', 'S1', '123456', 'Deddy Rusdiansyah,M.Kom', 'B', '#8FBC8F', 8, '2018-10-02 16:44:26', '2018-10-02 16:44:26');
COMMIT;

-- ----------------------------
-- Table structure for mst_pt
-- ----------------------------
DROP TABLE IF EXISTS `mst_pt`;
CREATE TABLE `mst_pt` (
  `id` int(11) NOT NULL AUTO_INCREMENT,
  `kode` varchar(50) DEFAULT NULL,
  `judul` varchar(100) DEFAULT NULL,
  `nama` varchar(255) DEFAULT NULL,
  `alamat` varchar(255) DEFAULT NULL,
  `kota_id` int(11) DEFAULT NULL,
  `telp` varchar(50) DEFAULT NULL,
  `email` varchar(50) DEFAULT NULL,
  `website` varchar(50) DEFAULT NULL,
  `logo` varchar(100) DEFAULT NULL,
  `favicon` varchar(100) DEFAULT NULL,
  `background` varchar(100) DEFAULT NULL,
  `nidn_ketua` varchar(50) DEFAULT NULL,
  `nama_ketua` varchar(100) DEFAULT NULL,
  `user_id` int(11) DEFAULT NULL,
  `created_at` timestamp NULL DEFAULT NULL,
  `updated_at` timestamp NULL DEFAULT NULL,
  PRIMARY KEY (`id`)
) ENGINE=InnoDB AUTO_INCREMENT=2 DEFAULT CHARSET=latin1;

-- ----------------------------
-- Records of mst_pt
-- ----------------------------
BEGIN;
INSERT INTO `mst_pt` VALUES (1, '0', 'STKIP AD DHUHA Merangin', 'Sekolah Tinggi Keguruan dan Ilmu Pendidikan AD DHUHA Merangin', 'Jl. linstas Sumatera KM 6, Bangko.', 1502, '085292933221', 'email@siakad.ac.id', 'http://addhuha.ac.id', 'logo.png', 'favicon.ico', 'background.jpg', '1234', 'Deddy', 8, NULL, '2018-10-02 15:14:24');
COMMIT;

-- ----------------------------
-- Table structure for mst_th_akademik
-- ----------------------------
DROP TABLE IF EXISTS `mst_th_akademik`;
CREATE TABLE `mst_th_akademik` (
  `id` int(11) NOT NULL AUTO_INCREMENT,
  `kode` char(5) DEFAULT NULL,
  `nama` varchar(100) DEFAULT NULL,
  `semester` enum('Ganjil','Genap','Pendek') DEFAULT NULL,
  `aktif` enum('Y','T') DEFAULT NULL,
  `user_id` int(11) DEFAULT NULL,
  `created_at` timestamp NULL DEFAULT NULL,
  `updated_at` timestamp NULL DEFAULT NULL,
  PRIMARY KEY (`id`)
) ENGINE=InnoDB AUTO_INCREMENT=4 DEFAULT CHARSET=latin1;

-- ----------------------------
-- Records of mst_th_akademik
-- ----------------------------
BEGIN;
INSERT INTO `mst_th_akademik` VALUES (1, '20181', '2018/2019', 'Ganjil', 'Y', 2, '2018-10-02 10:12:56', '2018-10-03 00:56:56');
INSERT INTO `mst_th_akademik` VALUES (2, '20171', '2017/2018', 'Ganjil', NULL, 2, '2018-10-02 10:22:32', '2018-10-02 10:22:32');
INSERT INTO `mst_th_akademik` VALUES (3, '20172', '2017/2018', 'Genap', 'T', 2, '2018-10-02 10:22:45', '2018-10-03 00:56:56');
COMMIT;

-- ----------------------------
-- Table structure for password_resets
-- ----------------------------
DROP TABLE IF EXISTS `password_resets`;
CREATE TABLE `password_resets` (
  `email` varchar(255) COLLATE utf8mb4_unicode_ci NOT NULL,
  `token` varchar(255) COLLATE utf8mb4_unicode_ci NOT NULL,
  `created_at` timestamp NULL DEFAULT NULL,
  KEY `password_resets_email_index` (`email`)
) ENGINE=InnoDB DEFAULT CHARSET=utf8mb4 COLLATE=utf8mb4_unicode_ci;

-- ----------------------------
-- Table structure for ref
-- ----------------------------
DROP TABLE IF EXISTS `ref`;
CREATE TABLE `ref` (
  `id` int(11) NOT NULL AUTO_INCREMENT,
  `table` varchar(100) NOT NULL,
  `kode` char(10) NOT NULL,
  `nama` varchar(255) DEFAULT NULL,
  `user_id` int(11) DEFAULT NULL,
  `created_at` timestamp NULL DEFAULT NULL,
  `updated_at` timestamp NULL DEFAULT NULL,
  PRIMARY KEY (`id`)
) ENGINE=InnoDB AUTO_INCREMENT=52 DEFAULT CHARSET=latin1;

-- ----------------------------
-- Records of ref
-- ----------------------------
BEGIN;
INSERT INTO `ref` VALUES (1, 'RuangKelas', 'R01', 'Ruangan 01', 2, '2018-10-02 09:40:31', '2018-10-02 09:40:31');
INSERT INTO `ref` VALUES (2, 'RuangKelas', 'R02', 'Ruangan 02', 2, '2018-10-02 09:41:27', '2018-10-02 09:41:27');
INSERT INTO `ref` VALUES (3, 'Kelompok', 'A', 'Kelompok A', 2, '2018-10-02 09:45:57', '2018-10-02 09:45:57');
INSERT INTO `ref` VALUES (5, 'Kelompok', 'B', 'Kelompok B', 2, '2018-10-02 09:46:55', '2018-10-02 09:46:55');
INSERT INTO `ref` VALUES (6, 'Kelas', 'REG', 'Reguler', 2, '2018-10-02 09:48:30', '2018-10-02 09:48:30');
INSERT INTO `ref` VALUES (7, 'Kelas', 'NREG', 'Non Reguler', 2, '2018-10-02 09:48:47', '2018-10-02 09:48:47');
INSERT INTO `ref` VALUES (8, 'JenisKelamin', 'L', 'Laki-laki', 2, NULL, NULL);
INSERT INTO `ref` VALUES (9, 'JenisKelamin', 'P', 'Perempuan', 2, NULL, NULL);
INSERT INTO `ref` VALUES (10, 'Agama', '1', 'Islam', 2, NULL, NULL);
INSERT INTO `ref` VALUES (11, 'Agama', '2', 'Kristen', 2, NULL, NULL);
INSERT INTO `ref` VALUES (12, 'Agama', '3', 'Protestan', 2, NULL, NULL);
INSERT INTO `ref` VALUES (13, 'Agama', '4', 'Katolik', 2, NULL, NULL);
INSERT INTO `ref` VALUES (14, 'Agama', '5', 'Hindu', 2, NULL, NULL);
INSERT INTO `ref` VALUES (15, 'Agama', '6', 'Buddha', 2, NULL, NULL);
INSERT INTO `ref` VALUES (16, 'Agama', '7', 'Kong Hu Cu', 2, NULL, NULL);
INSERT INTO `ref` VALUES (17, 'Agama', '8', 'Lainnya', 2, NULL, NULL);
INSERT INTO `ref` VALUES (18, 'StatusMhs', 'A', 'AKTIF', 2, '2018-10-02 09:54:52', '2018-10-02 09:54:52');
INSERT INTO `ref` VALUES (19, 'StatusMhs', 'C', 'CUTI', 2, '2018-10-02 09:55:02', '2018-10-02 09:55:26');
INSERT INTO `ref` VALUES (20, 'StatusMhs', 'N', 'NON-AKTIF', 2, '2018-10-02 09:55:17', '2018-10-02 09:55:17');
INSERT INTO `ref` VALUES (22, 'StatusMhs', 'K', 'KELUAR', 2, '2018-10-02 09:56:02', '2018-10-02 09:59:34');
INSERT INTO `ref` VALUES (23, 'StatusDosen', '01', 'AKTIF', 2, '2018-10-02 09:57:43', '2018-10-02 09:58:41');
INSERT INTO `ref` VALUES (24, 'StatusDosen', '02', 'TIDAK AKTIF', 2, '2018-10-02 09:57:58', '2018-10-02 09:58:48');
INSERT INTO `ref` VALUES (25, 'StatusDosen', '03', 'ALMARHUM', 2, '2018-10-02 09:58:18', '2018-10-02 09:58:55');
INSERT INTO `ref` VALUES (26, 'StatusMhs', 'D', 'DROP OUT', 2, '2018-10-02 09:59:49', '2018-10-03 00:35:29');
INSERT INTO `ref` VALUES (27, 'StatusMhs', 'L', 'LULUS', 2, '2018-10-02 09:59:57', '2018-10-02 09:59:57');
INSERT INTO `ref` VALUES (28, 'Jabatan', 'BA', 'Biro Akademik', 8, '2018-10-02 10:01:45', '2018-10-02 17:01:24');
INSERT INTO `ref` VALUES (29, 'Jabatan', 'BU', 'Biro Umum', 8, '2018-10-02 10:02:19', '2018-10-02 17:01:15');
INSERT INTO `ref` VALUES (30, 'Kelompok', 'C', 'Kelompok C', 2, '2018-10-03 14:13:14', '2018-10-03 14:13:14');
INSERT INTO `ref` VALUES (31, 'Semester', '1', 'Ganjil', NULL, NULL, NULL);
INSERT INTO `ref` VALUES (32, 'Semester', '2', 'Genap', NULL, NULL, NULL);
INSERT INTO `ref` VALUES (33, 'Semester', '3', 'Ganjil', NULL, NULL, NULL);
INSERT INTO `ref` VALUES (34, 'Semester', '4', 'Genap', NULL, NULL, NULL);
INSERT INTO `ref` VALUES (35, 'Semester', '5', 'Ganjil', NULL, NULL, NULL);
INSERT INTO `ref` VALUES (36, 'Semester', '6', 'Genap', NULL, NULL, NULL);
INSERT INTO `ref` VALUES (37, 'Semester', '7', 'Ganjil', NULL, NULL, NULL);
INSERT INTO `ref` VALUES (38, 'Semester', '8', 'Genap', NULL, NULL, NULL);
INSERT INTO `ref` VALUES (39, 'Hari', '1', 'Senin', NULL, NULL, NULL);
INSERT INTO `ref` VALUES (40, 'Hari', '2', 'Selasa', NULL, NULL, NULL);
INSERT INTO `ref` VALUES (41, 'Hari', '3', 'Rabu', NULL, NULL, NULL);
INSERT INTO `ref` VALUES (42, 'Hari', '4', 'Kamis', NULL, NULL, NULL);
INSERT INTO `ref` VALUES (43, 'Hari', '5', 'Jum\'at', NULL, NULL, NULL);
INSERT INTO `ref` VALUES (44, 'Hari', '6', 'Sabtu', NULL, NULL, NULL);
INSERT INTO `ref` VALUES (45, 'Hari', '7', 'Minggu', NULL, NULL, NULL);
INSERT INTO `ref` VALUES (46, 'UkuranToga', 'S', 'S', NULL, NULL, NULL);
INSERT INTO `ref` VALUES (47, 'UkuranToga', 'M', 'M', NULL, NULL, NULL);
INSERT INTO `ref` VALUES (48, 'UkuranToga', 'L', 'L', NULL, NULL, NULL);
INSERT INTO `ref` VALUES (49, 'UkuranToga', 'XL', 'XL', NULL, NULL, NULL);
INSERT INTO `ref` VALUES (50, 'UkuranToga', 'XXL', 'XXL', NULL, NULL, NULL);
INSERT INTO `ref` VALUES (51, 'UkuranToga', 'XXXL', 'XXXL', NULL, NULL, NULL);
COMMIT;

-- ----------------------------
-- Table structure for trans_info
-- ----------------------------
DROP TABLE IF EXISTS `trans_info`;
CREATE TABLE `trans_info` (
  `id` int(11) NOT NULL AUTO_INCREMENT,
  `tanggal` date DEFAULT NULL,
  `user_level_id` int(11) DEFAULT NULL,
  `judul` varchar(100) DEFAULT NULL,
  `isi` text,
  `user_id` int(11) DEFAULT NULL,
  `created_at` timestamp NULL DEFAULT NULL,
  `updated_at` timestamp NULL DEFAULT NULL,
  PRIMARY KEY (`id`)
) ENGINE=InnoDB AUTO_INCREMENT=4 DEFAULT CHARSET=latin1;

-- ----------------------------
-- Records of trans_info
-- ----------------------------
BEGIN;
INSERT INTO `trans_info` VALUES (1, '2018-10-03', NULL, 'Penutupan KRS TA. 2018/2019 GANJIL', '<p>Pengisian KRS akan ditutup&nbsp;Tanggal 10 Oktober 2018</p>\r\n\r\n<p>&nbsp;</p>\r\n\r\n<p><img alt=\"\" src=\"http://127.0.0.1:8000/photos/2/akademik/WhatsApp Image 2018-10-03 at 14.32.38.jpeg\" style=\"height:366px; width:650px\" /></p>\r\n\r\n<p>BIRO Akademik</p>', 2, '2018-10-03 14:30:31', '2018-10-03 14:33:12');
INSERT INTO `trans_info` VALUES (2, '2018-11-01', 5, 'Libur Kuliah Tanggal 15 November 2018', '<p>Kepada seluruh mahasiswa LIBUR.....</p>', 8, '2018-11-01 13:11:58', '2018-11-01 14:09:59');
INSERT INTO `trans_info` VALUES (3, '2018-11-01', 4, 'Rapat Dosen TA 2018/2019 Ganjil', '<p>Tanggal :</p>\r\n\r\n<p>Ruang :</p>', 8, '2018-11-01 14:02:23', '2018-11-01 14:02:23');
COMMIT;

-- ----------------------------
-- Table structure for trans_jadwal_kuliah
-- ----------------------------
DROP TABLE IF EXISTS `trans_jadwal_kuliah`;
CREATE TABLE `trans_jadwal_kuliah` (
  `id` int(11) NOT NULL AUTO_INCREMENT,
  `th_akademik_id` int(11) DEFAULT NULL,
  `prodi_id` int(11) DEFAULT NULL,
  `kelas_id` int(11) DEFAULT NULL,
  `kelompok_id` int(11) DEFAULT NULL,
  `smt` int(11) DEFAULT NULL,
  `kurikulum_matakuliah_id` int(11) DEFAULT NULL,
  `dosen_id` int(11) DEFAULT NULL,
  `hari_id` int(11) DEFAULT NULL,
  `ruang_kelas_id` int(11) DEFAULT NULL,
  `jam_mulai` time DEFAULT NULL,
  `jam_selesai` time DEFAULT NULL,
  `user_id` int(11) DEFAULT NULL,
  `created_at` timestamp NULL DEFAULT NULL,
  `updated_at` timestamp NULL DEFAULT NULL,
  PRIMARY KEY (`id`),
  KEY `kurikulum_matakuliah_id` (`kurikulum_matakuliah_id`),
  CONSTRAINT `trans_jadwal_kuliah_ibfk_1` FOREIGN KEY (`kurikulum_matakuliah_id`) REFERENCES `trans_kurikulum_matakuliah` (`id`) ON DELETE CASCADE ON UPDATE CASCADE
) ENGINE=InnoDB AUTO_INCREMENT=10 DEFAULT CHARSET=latin1;

-- ----------------------------
-- Records of trans_jadwal_kuliah
-- ----------------------------
BEGIN;
INSERT INTO `trans_jadwal_kuliah` VALUES (1, 1, 1, 6, 3, 1, 1, 1, 39, 1, '11:43:00', '13:43:00', 8, '2018-10-06 06:57:55', '2018-10-06 06:57:55');
INSERT INTO `trans_jadwal_kuliah` VALUES (3, 1, 1, 6, 3, 1, 2, 2, 42, 1, '09:00:00', '10:30:00', 8, '2018-10-06 09:59:27', '2018-10-07 15:51:27');
INSERT INTO `trans_jadwal_kuliah` VALUES (4, 1, 1, 6, 3, 3, 6, 2, 45, 1, '08:30:30', '10:00:30', 8, '2018-10-06 10:40:31', '2018-10-07 15:55:00');
INSERT INTO `trans_jadwal_kuliah` VALUES (5, 1, 1, 6, 3, 1, 3, 1, 44, 1, '18:00:30', '20:00:30', 8, '2018-10-06 12:05:56', '2018-10-07 15:54:10');
INSERT INTO `trans_jadwal_kuliah` VALUES (6, 1, 1, 6, 5, 1, 1, 1, 40, 2, '08:00:00', '10:00:00', 8, '2018-10-06 15:29:07', '2018-10-29 06:29:29');
INSERT INTO `trans_jadwal_kuliah` VALUES (7, 1, 1, 6, 5, 1, 2, 2, 43, 2, '09:08:45', '11:08:45', 8, '2018-10-07 04:08:56', '2018-10-07 15:51:42');
INSERT INTO `trans_jadwal_kuliah` VALUES (8, 1, 1, 6, 3, 1, 17, 1, 41, 1, '12:34:45', '12:34:45', 8, '2018-10-07 05:34:43', '2018-10-07 05:34:43');
INSERT INTO `trans_jadwal_kuliah` VALUES (9, 1, 2, 6, 3, 1, 22, 3, 43, 1, '13:05:15', '15:05:15', 8, '2018-10-11 06:05:32', '2018-10-11 06:05:32');
COMMIT;

-- ----------------------------
-- Table structure for trans_krs
-- ----------------------------
DROP TABLE IF EXISTS `trans_krs`;
CREATE TABLE `trans_krs` (
  `id` int(11) NOT NULL AUTO_INCREMENT,
  `th_akademik_id` int(11) DEFAULT NULL,
  `prodi_id` int(11) DEFAULT NULL,
  `kelas_id` int(11) DEFAULT NULL,
  `tanggal` date DEFAULT NULL,
  `nim` char(20) DEFAULT NULL,
  `smt` int(11) DEFAULT NULL,
  `user_id` int(11) DEFAULT NULL,
  `transkrip` enum('Y','T') DEFAULT NULL,
  `created_at` timestamp NULL DEFAULT NULL,
  `updated_at` timestamp NULL DEFAULT NULL,
  PRIMARY KEY (`id`)
) ENGINE=InnoDB AUTO_INCREMENT=7 DEFAULT CHARSET=latin1;

-- ----------------------------
-- Records of trans_krs
-- ----------------------------
BEGIN;
INSERT INTO `trans_krs` VALUES (1, 1, 1, 6, '2018-10-27', '18010001', 1, 11, NULL, '2018-10-07 05:35:08', '2018-10-27 06:33:29');
INSERT INTO `trans_krs` VALUES (3, 1, 1, 6, '2018-10-07', '17010001', 3, 8, NULL, '2018-10-07 05:42:04', '2018-10-07 05:42:04');
INSERT INTO `trans_krs` VALUES (4, 1, 1, 6, '2018-10-07', '18010003', 1, 8, NULL, '2018-10-07 12:11:55', '2018-10-07 12:11:55');
INSERT INTO `trans_krs` VALUES (5, 1, 1, 6, '2018-10-07', '18010002', 1, 8, NULL, '2018-10-07 12:23:09', '2018-10-07 12:23:09');
INSERT INTO `trans_krs` VALUES (6, 1, 2, 6, '2018-10-25', '18020002', 1, 8, NULL, '2018-10-11 06:09:11', '2018-10-25 08:54:32');
COMMIT;

-- ----------------------------
-- Table structure for trans_krs_detail
-- ----------------------------
DROP TABLE IF EXISTS `trans_krs_detail`;
CREATE TABLE `trans_krs_detail` (
  `id` int(11) NOT NULL AUTO_INCREMENT,
  `krs_id` int(11) DEFAULT NULL,
  `th_akademik_id` int(11) NOT NULL,
  `jadwal_kuliah_id` int(11) DEFAULT NULL,
  `nim` char(20) NOT NULL,
  `nama_mhs` varchar(255) DEFAULT NULL,
  `dosen_id` int(11) DEFAULT NULL,
  `kode_mk` char(20) NOT NULL,
  `nama_mk` varchar(255) NOT NULL,
  `sks_mk` int(11) NOT NULL,
  `smt_mk` int(11) DEFAULT NULL,
  `nilai_akhir` float DEFAULT NULL,
  `nilai_bobot` int(11) DEFAULT NULL,
  `nilai_huruf` char(5) DEFAULT NULL,
  `user_id` int(11) DEFAULT NULL,
  `transkrip` enum('Y','T') DEFAULT NULL,
  `created_at` timestamp NULL DEFAULT NULL,
  `updated_at` timestamp NULL DEFAULT NULL,
  PRIMARY KEY (`id`)
) ENGINE=InnoDB AUTO_INCREMENT=20 DEFAULT CHARSET=latin1;

-- ----------------------------
-- Records of trans_krs_detail
-- ----------------------------
BEGIN;
INSERT INTO `trans_krs_detail` VALUES (3, 1, 1, 6, '18010001', 'Deddy Rusdiansyah', 2, 'MA1-G001', 'PENDIDIKAN AGAMA', 2, 1, 70.9, 3, 'B', 8, 'Y', '2018-10-07 05:37:19', '2018-10-07 15:02:20');
INSERT INTO `trans_krs_detail` VALUES (6, 3, 1, 8, '17010001', 'Mr X', 1, 'MA1-G001', 'PENDIDIKAN AGAMA', 2, 1, 92.4, 4, 'A', 8, 'Y', '2018-10-07 05:42:04', '2018-10-25 09:06:06');
INSERT INTO `trans_krs_detail` VALUES (7, 4, 1, 1, '18010003', 'x', 1, 'MA1-G001', 'PENDIDIKAN AGAMA', 2, 1, 90, 4, 'A', 10, 'Y', '2018-10-07 12:11:55', '2018-10-30 04:21:25');
INSERT INTO `trans_krs_detail` VALUES (8, 4, 1, 3, '18010003', 'x', 2, 'MA1-G002', 'PENDIDIKAN PANCASILA DAN KEWARGANEGARAAN', 2, 1, NULL, NULL, NULL, 8, 'Y', '2018-10-07 12:11:55', '2018-10-07 12:11:55');
INSERT INTO `trans_krs_detail` VALUES (9, 4, 1, 5, '18010003', 'x', 1, 'MA1-G003', 'BAHASA INGGRIS BISNIS', 3, 1, 80, 4, 'A', 10, 'Y', '2018-10-07 12:11:55', '2018-10-30 04:28:43');
INSERT INTO `trans_krs_detail` VALUES (10, 4, 1, 4, '18010003', 'x', 2, 'MA3-G019', 'TEKNOLOGI INFORMASI BISNIS', 3, 3, NULL, NULL, NULL, 8, 'Y', '2018-10-07 12:11:55', '2018-10-07 12:11:55');
INSERT INTO `trans_krs_detail` VALUES (11, 5, 1, 1, '18010002', 'Danish Putra Pramudya', 1, 'MA1-G001', 'PENDIDIKAN AGAMA', 2, 1, 70.7, 3, 'B', 10, 'Y', '2018-10-07 12:23:09', '2018-10-30 04:21:25');
INSERT INTO `trans_krs_detail` VALUES (12, 5, 1, 3, '18010002', 'Danish Putra Pramudya', 2, 'MA1-G002', 'PENDIDIKAN PANCASILA DAN KEWARGANEGARAAN', 2, 1, NULL, NULL, NULL, 8, 'Y', '2018-10-07 12:23:09', '2018-10-07 12:23:09');
INSERT INTO `trans_krs_detail` VALUES (13, 5, 1, 5, '18010002', 'Danish Putra Pramudya', 1, 'MA1-G003', 'BAHASA INGGRIS BISNIS', 3, 1, 90, 4, 'A', 10, 'Y', '2018-10-07 12:23:09', '2018-10-30 04:28:43');
INSERT INTO `trans_krs_detail` VALUES (14, 5, 1, 4, '18010002', 'Danish Putra Pramudya', 2, 'MA3-G019', 'TEKNOLOGI INFORMASI BISNIS', 3, 3, NULL, NULL, NULL, 8, 'Y', '2018-10-07 12:23:09', '2018-10-07 12:23:09');
INSERT INTO `trans_krs_detail` VALUES (16, 6, 1, 9, '18020002', 'Jihan Salsabila', 3, 'MA1-G001', 'PENDIDIKAN AGAMA', 2, 1, NULL, NULL, NULL, 8, 'Y', '2018-10-25 08:54:32', '2018-10-25 08:54:32');
INSERT INTO `trans_krs_detail` VALUES (17, NULL, 1, NULL, '18010001', 'Deddy Rusdiansyah', NULL, 'MA1-G010', 'KOMPUTER', 2, 1, NULL, 4, 'A', 8, NULL, '2018-10-26 12:44:11', '2018-10-26 12:44:11');
INSERT INTO `trans_krs_detail` VALUES (19, 1, 1, 7, '18010001', 'Deddy Rusdiansyah', 2, 'MA1-G002', 'PENDIDIKAN PANCASILA DAN KEWARGANEGARAAN', 2, 1, NULL, NULL, NULL, 11, 'Y', '2018-10-27 07:46:28', '2018-10-27 07:46:28');
COMMIT;

-- ----------------------------
-- Table structure for trans_krs_detail_nilai
-- ----------------------------
DROP TABLE IF EXISTS `trans_krs_detail_nilai`;
CREATE TABLE `trans_krs_detail_nilai` (
  `id` int(11) NOT NULL AUTO_INCREMENT,
  `jadwal_kuliah_id` int(11) DEFAULT NULL,
  `krs_detail_id` int(11) DEFAULT NULL,
  `komponen_nilai_id` int(11) DEFAULT NULL,
  `komponen_nilai` varchar(50) DEFAULT NULL,
  `bobot_nilai` int(11) DEFAULT NULL,
  `nilai` float DEFAULT NULL,
  `user_id` int(11) DEFAULT NULL,
  `created_at` timestamp NULL DEFAULT NULL,
  `updated_at` timestamp NULL DEFAULT NULL,
  PRIMARY KEY (`id`)
) ENGINE=InnoDB AUTO_INCREMENT=25 DEFAULT CHARSET=latin1;

-- ----------------------------
-- Records of trans_krs_detail_nilai
-- ----------------------------
BEGIN;
INSERT INTO `trans_krs_detail_nilai` VALUES (1, 1, 11, 1, 'SIKAP', 20, 80, 10, '2018-10-07 14:35:25', '2018-10-30 04:21:25');
INSERT INTO `trans_krs_detail_nilai` VALUES (2, 1, 11, 2, 'Tugas', 15, 70, 10, '2018-10-07 14:35:25', '2018-10-30 04:21:25');
INSERT INTO `trans_krs_detail_nilai` VALUES (3, 1, 11, 3, 'UTS', 25, 60, 10, '2018-10-07 14:35:25', '2018-10-30 04:21:25');
INSERT INTO `trans_krs_detail_nilai` VALUES (4, 1, 11, 4, 'UAS', 40, 73, 10, '2018-10-07 14:35:25', '2018-10-30 04:21:25');
INSERT INTO `trans_krs_detail_nilai` VALUES (5, 1, 7, 1, 'SIKAP', 20, 90, 10, '2018-10-07 14:35:26', '2018-10-30 04:21:25');
INSERT INTO `trans_krs_detail_nilai` VALUES (6, 1, 7, 2, 'Tugas', 15, 90, 10, '2018-10-07 14:35:26', '2018-10-30 04:21:25');
INSERT INTO `trans_krs_detail_nilai` VALUES (7, 1, 7, 3, 'UTS', 25, 90, 10, '2018-10-07 14:35:26', '2018-10-30 04:21:25');
INSERT INTO `trans_krs_detail_nilai` VALUES (8, 1, 7, 4, 'UAS', 40, 90, 10, '2018-10-07 14:35:26', '2018-10-30 04:21:25');
INSERT INTO `trans_krs_detail_nilai` VALUES (9, 6, 3, 1, 'SIKAP', 20, 79, 8, '2018-10-07 15:02:20', '2018-10-24 13:40:12');
INSERT INTO `trans_krs_detail_nilai` VALUES (10, 6, 3, 2, 'Tugas', 15, 29, 8, '2018-10-07 15:02:20', '2018-10-24 13:40:12');
INSERT INTO `trans_krs_detail_nilai` VALUES (11, 6, 3, 3, 'UTS', 25, 59, 8, '2018-10-07 15:02:20', '2018-10-24 13:40:12');
INSERT INTO `trans_krs_detail_nilai` VALUES (12, 6, 3, 4, 'UAS', 40, 90, 8, '2018-10-07 15:02:20', '2018-10-24 13:40:12');
INSERT INTO `trans_krs_detail_nilai` VALUES (13, 8, 6, 1, 'SIKAP', 20, 98, 8, '2018-10-25 09:06:06', '2018-10-25 09:06:06');
INSERT INTO `trans_krs_detail_nilai` VALUES (14, 8, 6, 2, 'Tugas', 15, 92, 8, '2018-10-25 09:06:06', '2018-10-25 09:06:06');
INSERT INTO `trans_krs_detail_nilai` VALUES (15, 8, 6, 3, 'UTS', 25, 92, 8, '2018-10-25 09:06:06', '2018-10-25 09:06:06');
INSERT INTO `trans_krs_detail_nilai` VALUES (16, 8, 6, 4, 'UAS', 40, 90, 8, '2018-10-25 09:06:06', '2018-10-25 09:06:06');
INSERT INTO `trans_krs_detail_nilai` VALUES (17, 5, 13, 1, 'SIKAP', 20, 90, 10, '2018-10-30 04:28:43', '2018-10-30 04:28:43');
INSERT INTO `trans_krs_detail_nilai` VALUES (18, 5, 13, 2, 'Tugas', 15, 90, 10, '2018-10-30 04:28:43', '2018-10-30 04:28:43');
INSERT INTO `trans_krs_detail_nilai` VALUES (19, 5, 13, 3, 'UTS', 25, 90, 10, '2018-10-30 04:28:43', '2018-10-30 04:28:43');
INSERT INTO `trans_krs_detail_nilai` VALUES (20, 5, 13, 4, 'UAS', 40, 90, 10, '2018-10-30 04:28:43', '2018-10-30 04:28:43');
INSERT INTO `trans_krs_detail_nilai` VALUES (21, 5, 9, 1, 'SIKAP', 20, 80, 10, '2018-10-30 04:28:43', '2018-10-30 04:28:43');
INSERT INTO `trans_krs_detail_nilai` VALUES (22, 5, 9, 2, 'Tugas', 15, 80, 10, '2018-10-30 04:28:43', '2018-10-30 04:28:43');
INSERT INTO `trans_krs_detail_nilai` VALUES (23, 5, 9, 3, 'UTS', 25, 80, 10, '2018-10-30 04:28:43', '2018-10-30 04:28:43');
INSERT INTO `trans_krs_detail_nilai` VALUES (24, 5, 9, 4, 'UAS', 40, 80, 10, '2018-10-30 04:28:43', '2018-10-30 04:28:43');
COMMIT;

-- ----------------------------
-- Table structure for trans_kurikulum
-- ----------------------------
DROP TABLE IF EXISTS `trans_kurikulum`;
CREATE TABLE `trans_kurikulum` (
  `id` int(11) NOT NULL AUTO_INCREMENT,
  `th_akademik_id` int(11) DEFAULT NULL,
  `prodi_id` int(11) DEFAULT NULL,
  `nama` varchar(100) DEFAULT NULL,
  `user_id` int(11) DEFAULT NULL,
  `created_at` timestamp NULL DEFAULT NULL,
  `updated_at` timestamp NULL DEFAULT NULL,
  PRIMARY KEY (`id`)
) ENGINE=InnoDB AUTO_INCREMENT=5 DEFAULT CHARSET=latin1;

-- ----------------------------
-- Records of trans_kurikulum
-- ----------------------------
BEGIN;
INSERT INTO `trans_kurikulum` VALUES (1, 1, 1, 'KURIKULUM AKUNTANSI 20181', 8, '2018-10-04 01:41:13', '2018-10-04 01:41:13');
INSERT INTO `trans_kurikulum` VALUES (3, 2, 1, 'KURIKULUM AKUNTANSI 2017/2018', 8, '2018-10-07 03:52:02', '2018-10-07 03:52:02');
INSERT INTO `trans_kurikulum` VALUES (4, 1, 2, 'Kurikulum 2018 Manajemen', 8, '2018-10-11 06:00:32', '2018-10-11 06:00:32');
COMMIT;

-- ----------------------------
-- Table structure for trans_kurikulum_angkatan
-- ----------------------------
DROP TABLE IF EXISTS `trans_kurikulum_angkatan`;
CREATE TABLE `trans_kurikulum_angkatan` (
  `id` int(11) NOT NULL AUTO_INCREMENT,
  `kurikulum_id` int(11) DEFAULT NULL,
  `th_akademik_id` int(11) DEFAULT NULL,
  `user_id` int(11) DEFAULT NULL,
  `created_at` timestamp NULL DEFAULT NULL,
  `updated_at` timestamp NULL DEFAULT NULL,
  PRIMARY KEY (`id`)
) ENGINE=InnoDB AUTO_INCREMENT=7 DEFAULT CHARSET=latin1;

-- ----------------------------
-- Records of trans_kurikulum_angkatan
-- ----------------------------
BEGIN;
INSERT INTO `trans_kurikulum_angkatan` VALUES (4, 1, 1, 8, '2018-10-07 05:06:53', '2018-10-07 05:06:53');
INSERT INTO `trans_kurikulum_angkatan` VALUES (5, 3, 2, 8, '2018-10-07 05:19:46', '2018-10-07 05:19:46');
INSERT INTO `trans_kurikulum_angkatan` VALUES (6, 4, 1, 8, '2018-10-11 06:07:08', '2018-10-11 06:07:08');
COMMIT;

-- ----------------------------
-- Table structure for trans_kurikulum_matakuliah
-- ----------------------------
DROP TABLE IF EXISTS `trans_kurikulum_matakuliah`;
CREATE TABLE `trans_kurikulum_matakuliah` (
  `id` int(11) NOT NULL AUTO_INCREMENT,
  `kurikulum_id` int(11) DEFAULT NULL,
  `matakuliah_id` int(11) DEFAULT NULL,
  `user_id` int(11) DEFAULT NULL,
  `created_at` timestamp NULL DEFAULT NULL,
  `updated_at` timestamp NULL DEFAULT NULL,
  PRIMARY KEY (`id`)
) ENGINE=InnoDB AUTO_INCREMENT=23 DEFAULT CHARSET=latin1;

-- ----------------------------
-- Records of trans_kurikulum_matakuliah
-- ----------------------------
BEGIN;
INSERT INTO `trans_kurikulum_matakuliah` VALUES (1, 1, 1, 8, '2018-10-04 01:41:13', '2018-10-04 01:41:13');
INSERT INTO `trans_kurikulum_matakuliah` VALUES (2, 1, 2, 8, '2018-10-04 01:41:13', '2018-10-04 01:41:13');
INSERT INTO `trans_kurikulum_matakuliah` VALUES (3, 1, 3, 8, '2018-10-04 01:41:13', '2018-10-04 01:41:13');
INSERT INTO `trans_kurikulum_matakuliah` VALUES (4, 1, 4, 8, '2018-10-06 10:36:50', '2018-10-06 10:36:50');
INSERT INTO `trans_kurikulum_matakuliah` VALUES (6, 1, 5, 8, '2018-10-06 10:38:34', '2018-10-06 10:38:34');
INSERT INTO `trans_kurikulum_matakuliah` VALUES (17, 3, 1, 8, '2018-10-07 03:52:02', '2018-10-07 03:52:02');
INSERT INTO `trans_kurikulum_matakuliah` VALUES (18, 3, 2, 8, '2018-10-07 03:52:02', '2018-10-07 03:52:02');
INSERT INTO `trans_kurikulum_matakuliah` VALUES (19, 3, 3, 8, '2018-10-07 03:52:02', '2018-10-07 03:52:02');
INSERT INTO `trans_kurikulum_matakuliah` VALUES (20, 3, 4, 8, '2018-10-07 03:52:02', '2018-10-07 03:52:02');
INSERT INTO `trans_kurikulum_matakuliah` VALUES (21, 3, 5, 8, '2018-10-07 03:52:02', '2018-10-07 03:52:02');
INSERT INTO `trans_kurikulum_matakuliah` VALUES (22, 4, 6, 8, '2018-10-11 06:00:32', '2018-10-11 06:00:32');
COMMIT;

-- ----------------------------
-- Table structure for trans_mutasi_mhs
-- ----------------------------
DROP TABLE IF EXISTS `trans_mutasi_mhs`;
CREATE TABLE `trans_mutasi_mhs` (
  `id` int(11) NOT NULL AUTO_INCREMENT,
  `th_akademik_id` int(11) DEFAULT NULL,
  `tanggal` date DEFAULT NULL,
  `nim` char(20) DEFAULT NULL,
  `status_id` int(11) DEFAULT NULL,
  `user_id` int(11) DEFAULT NULL,
  `created_at` timestamp NULL DEFAULT NULL,
  `updated_at` timestamp NULL DEFAULT NULL,
  PRIMARY KEY (`id`)
) ENGINE=InnoDB AUTO_INCREMENT=5 DEFAULT CHARSET=latin1;

-- ----------------------------
-- Records of trans_mutasi_mhs
-- ----------------------------
BEGIN;
INSERT INTO `trans_mutasi_mhs` VALUES (1, 1, '2018-10-08', '18010003', 18, 8, '2018-10-08 03:41:33', '2018-10-08 04:34:29');
INSERT INTO `trans_mutasi_mhs` VALUES (2, 1, '2018-10-08', '18010001', 18, 8, '2018-10-08 03:43:40', '2018-10-08 03:45:46');
INSERT INTO `trans_mutasi_mhs` VALUES (3, 1, '2018-10-08', '18010002', 18, 8, '2018-10-08 03:46:14', '2018-10-08 03:49:56');
INSERT INTO `trans_mutasi_mhs` VALUES (4, 1, '2018-10-08', '17010001', 18, 8, '2018-10-08 06:10:49', '2018-10-08 06:10:54');
COMMIT;

-- ----------------------------
-- Table structure for trans_perwalian
-- ----------------------------
DROP TABLE IF EXISTS `trans_perwalian`;
CREATE TABLE `trans_perwalian` (
  `id` int(11) NOT NULL AUTO_INCREMENT,
  `th_akademik_id` int(11) DEFAULT NULL,
  `prodi_id` int(11) DEFAULT NULL,
  `kelas_id` int(11) DEFAULT NULL,
  `dosen_id` int(11) DEFAULT NULL,
  `kelompok_id` int(11) DEFAULT NULL,
  `user_id` int(11) DEFAULT NULL,
  `created_at` timestamp NULL DEFAULT NULL,
  `updated_at` timestamp NULL DEFAULT NULL,
  PRIMARY KEY (`id`)
) ENGINE=InnoDB AUTO_INCREMENT=7 DEFAULT CHARSET=latin1;

-- ----------------------------
-- Records of trans_perwalian
-- ----------------------------
BEGIN;
INSERT INTO `trans_perwalian` VALUES (1, 1, 1, 6, 1, 3, 8, '2018-10-03 16:15:50', '2018-10-07 12:09:27');
INSERT INTO `trans_perwalian` VALUES (2, 2, 1, 6, 2, 3, 2, '2018-10-03 17:52:01', '2018-10-03 17:52:01');
INSERT INTO `trans_perwalian` VALUES (5, 1, 1, 6, 2, 5, 2, '2018-10-03 18:14:49', '2018-10-03 18:14:49');
INSERT INTO `trans_perwalian` VALUES (6, 1, 2, 6, 1, 3, 8, '2018-10-07 06:00:46', '2018-10-07 06:00:46');
COMMIT;

-- ----------------------------
-- Table structure for trans_perwalian_detail
-- ----------------------------
DROP TABLE IF EXISTS `trans_perwalian_detail`;
CREATE TABLE `trans_perwalian_detail` (
  `id` int(11) NOT NULL AUTO_INCREMENT,
  `perwalian_id` int(11) DEFAULT NULL,
  `nim` char(20) DEFAULT NULL,
  `user_id` int(11) DEFAULT NULL,
  `created_at` timestamp NULL DEFAULT NULL,
  `updated_at` timestamp NULL DEFAULT NULL,
  PRIMARY KEY (`id`)
) ENGINE=InnoDB AUTO_INCREMENT=18 DEFAULT CHARSET=latin1;

-- ----------------------------
-- Records of trans_perwalian_detail
-- ----------------------------
BEGIN;
INSERT INTO `trans_perwalian_detail` VALUES (6, 2, '17010001', 2, '2018-10-03 17:52:01', '2018-10-03 17:52:01');
INSERT INTO `trans_perwalian_detail` VALUES (7, 1, '18010002', 2, '2018-10-03 17:52:16', '2018-10-03 17:52:16');
INSERT INTO `trans_perwalian_detail` VALUES (10, 5, '18010001', 2, '2018-10-03 18:14:49', '2018-10-03 18:14:49');
INSERT INTO `trans_perwalian_detail` VALUES (15, 6, '18020002', 8, '2018-10-07 06:18:07', '2018-10-07 06:18:07');
INSERT INTO `trans_perwalian_detail` VALUES (16, 6, '18020001', 8, '2018-10-07 06:18:38', '2018-10-07 06:18:38');
INSERT INTO `trans_perwalian_detail` VALUES (17, 1, '18010003', 8, '2018-10-07 12:09:27', '2018-10-07 12:09:27');
COMMIT;

-- ----------------------------
-- Table structure for trans_rps
-- ----------------------------
DROP TABLE IF EXISTS `trans_rps`;
CREATE TABLE `trans_rps` (
  `id` int(11) NOT NULL AUTO_INCREMENT,
  `jadwal_id` int(11) NOT NULL,
  `dokumen` varchar(100) NOT NULL,
  `user_id` int(11) NOT NULL,
  `created_at` timestamp NULL DEFAULT NULL,
  `updated_at` timestamp NULL DEFAULT NULL,
  PRIMARY KEY (`id`)
) ENGINE=InnoDB AUTO_INCREMENT=2 DEFAULT CHARSET=latin1;

-- ----------------------------
-- Records of trans_rps
-- ----------------------------
BEGIN;
INSERT INTO `trans_rps` VALUES (1, 1, '1.pdf', 10, '2018-11-01 15:02:55', '2018-11-01 15:02:55');
COMMIT;

-- ----------------------------
-- Table structure for trans_yudisium
-- ----------------------------
DROP TABLE IF EXISTS `trans_yudisium`;
CREATE TABLE `trans_yudisium` (
  `id` int(11) NOT NULL AUTO_INCREMENT,
  `tanggal` date DEFAULT NULL,
  `th_akademik_id` int(11) DEFAULT NULL,
  `th_angkatan_id` int(11) DEFAULT NULL,
  `prodi_id` int(11) DEFAULT NULL,
  `kelas_id` int(11) DEFAULT NULL,
  `kelompok_id` int(11) DEFAULT NULL,
  `nim` char(20) NOT NULL,
  `nama_lengkap` varchar(255) DEFAULT NULL,
  `motto` varchar(255) DEFAULT NULL,
  `tgl_sk_yudisium` date DEFAULT NULL,
  `sk_yudisium` varchar(100) DEFAULT NULL,
  `judul_skripsi` text,
  `jml_sks` char(4) DEFAULT NULL,
  `ipk` char(4) DEFAULT NULL,
  `ukuran_toga` char(10) DEFAULT NULL,
  `nomor_seri_ijazah` varchar(100) DEFAULT NULL,
  `approve` enum('Y','T') DEFAULT NULL,
  `user_id` int(11) DEFAULT NULL,
  `created_at` timestamp NULL DEFAULT NULL,
  `updated_at` timestamp NULL DEFAULT NULL,
  PRIMARY KEY (`id`),
  UNIQUE KEY `nim` (`nim`)
) ENGINE=InnoDB AUTO_INCREMENT=7 DEFAULT CHARSET=latin1;

-- ----------------------------
-- Records of trans_yudisium
-- ----------------------------
BEGIN;
INSERT INTO `trans_yudisium` VALUES (5, '2018-10-08', 1, 1, 1, 6, 5, '18010001', 'Deddy Rusdiansyah', 'test', NULL, NULL, 'test', '120', '3', 'XXL', NULL, NULL, 8, '2018-10-08 12:48:24', '2018-10-08 13:19:59');
INSERT INTO `trans_yudisium` VALUES (6, '2018-10-29', 1, 1, 1, 6, 3, '18010002', 'Danish Putra Pramudya', 'tiada hari tanpa coding', NULL, NULL, 'Judul Skripsi', '130', '3.25', 'M', NULL, NULL, 19, '2018-10-29 10:23:35', '2018-10-29 10:23:35');
COMMIT;

-- ----------------------------
-- Table structure for users
-- ----------------------------
DROP TABLE IF EXISTS `users`;
CREATE TABLE `users` (
  `id` int(10) unsigned NOT NULL AUTO_INCREMENT,
  `username` varchar(255) COLLATE utf8mb4_unicode_ci DEFAULT NULL,
  `name` varchar(255) COLLATE utf8mb4_unicode_ci NOT NULL,
  `email` varchar(255) COLLATE utf8mb4_unicode_ci NOT NULL,
  `password` varchar(255) COLLATE utf8mb4_unicode_ci NOT NULL,
  `level_id` int(11) DEFAULT NULL,
  `prodi_id` int(11) DEFAULT NULL,
  `picture` varchar(100) COLLATE utf8mb4_unicode_ci DEFAULT NULL,
  `aktif` enum('Y','T') COLLATE utf8mb4_unicode_ci DEFAULT NULL,
  `remember_token` varchar(100) COLLATE utf8mb4_unicode_ci DEFAULT NULL,
  `created_at` timestamp NULL DEFAULT NULL,
  `updated_at` timestamp NULL DEFAULT NULL,
  PRIMARY KEY (`id`),
  UNIQUE KEY `users_email_unique` (`email`)
) ENGINE=InnoDB AUTO_INCREMENT=22 DEFAULT CHARSET=utf8mb4 COLLATE=utf8mb4_unicode_ci;

-- ----------------------------
-- Records of users
-- ----------------------------
BEGIN;
INSERT INTO `users` VALUES (2, 'deddy', 'Deddy Rusdiansyah', 'deddy.rusdiansyah@gmail.com', '$2y$10$MVmlW/O03mM0/.pHYOpnUeD9nJjw7b0TV8Kh.875rqcWjO2Fh6J/i', 1, NULL, NULL, NULL, 'fN47j6UG66Or9Y4cdSXyCCL6zjp71so8stZ0I1Pu4Yr8FvoBIUDYcHULPZxC', '2018-10-02 07:53:47', '2018-10-18 02:57:51');
INSERT INTO `users` VALUES (3, 'pimpinan', 'Pimpinan', 'pimpinan@siakad.ac.id', '$2y$10$N6FaRA6lw/J6bAGiTXxMDuS0atlixLW8qbQgu.rbyZ7obxjTASMRm', 7, NULL, NULL, NULL, NULL, '2018-10-02 08:08:39', '2018-10-02 08:08:39');
INSERT INTO `users` VALUES (8, 'admin', 'Administrator', 'admin@siakad.ac.id', '$2y$10$KnTTa7qPS8icFluSlsxg7.NOV5u265QJiHYKVSOTiaG7ptcnkjg3S', 1, NULL, '8.png', NULL, 'ZTKWSQ7gmDwyIpwxPI2CiBU7h0ot6KkJfQkYSX4vVl6GppdWMFscKYGM9GK3', '2018-10-02 14:59:36', '2018-10-21 02:46:05');
INSERT INTO `users` VALUES (10, '1001', 'Deddy Rusdiansyah,S.Kom,M.Kom', 'deddy_rusdiansyah@yahoo.com', '$2y$10$/tkboC31ytsWX.HZJOFkA.nHzXYISMrwVIqGuUU5JX5SKTPgi5w2u', 4, 1, '10.jpg', 'Y', 'VCm0I5HrnBBr4xPHCfIEMsqGIexKzUmTDEucigaB2cN7O1NinqWmHECanxHP', '2018-10-06 17:45:53', '2018-10-30 05:24:02');
INSERT INTO `users` VALUES (11, '18010001', 'Deddy Rusdiansyah', 'deddy.rusdiansyah@siakad.ac.id', '$2y$10$64eZ2z5rd76IQw8ZSJTRQuwSB0SwF70ac3VcTgvEAW7/94a3M3OtC', 5, NULL, '11.jpg', 'Y', 'kywIoFOFXMhGTNzsfO7nxoeyzoF9n4pvHvuEqFKStPFemIWeHjOS4EVpHwQr', '2018-10-06 17:47:45', '2018-10-27 03:04:58');
INSERT INTO `users` VALUES (12, '18020001', 'Aqilah', 'aqilah@yahoo.com', '$2y$10$ftQT0iqmDFZ4yA1vw87CS.BI4N3X7bGVO4xmYh8sXz3XMVT/aeuXG', 5, NULL, NULL, 'Y', 'eguCLu0IiTigBgTBVCZeJNvUmcAUuo0FJMhnS5ZN5HftwQMDxPJJ4V3Y9wn9', '2018-10-06 18:06:10', '2018-10-07 12:34:20');
INSERT INTO `users` VALUES (13, '18020002', 'Jihan Salsabila', 'jihan.salsabila@gmail.com', '$2y$10$V5RvDPlTgg1XcYoYcymKju0yx7mMqqUUDuV6yItP78Ue30B5FDp8a', 5, NULL, NULL, 'Y', NULL, '2018-10-07 05:57:03', '2018-10-07 12:34:12');
INSERT INTO `users` VALUES (14, '18010003', 'x', 'x@email.com', '$2y$10$22.0mapcG4tOyK83ORTQ/.8IDVyLF5mXi/HYIr72u9wS6VCCKuA.6', 5, NULL, NULL, 'Y', NULL, '2018-10-07 12:08:32', '2018-10-07 12:33:29');
INSERT INTO `users` VALUES (15, '1122', 'Dosen Tetap', 'tetapdosen@gmail.com', '$2y$10$uizxHVWSZicTTg/S19u4O.BaFfrKJHtCMriVDx4lXRv8BFU4asgeO', 4, NULL, NULL, 'Y', NULL, '2018-10-11 02:34:19', '2018-10-11 02:34:19');
INSERT INTO `users` VALUES (16, 'akuntansi', 'Akuntansi', 'akuntansi@stiebanten.ac.id', '$2y$10$Cq3OlgsllVknyXlghPG7kOJK6yRFCzca2MorNVCsD48kezzX900HG', 2, 1, NULL, NULL, NULL, '2018-10-18 02:59:14', '2018-10-30 05:15:20');
INSERT INTO `users` VALUES (17, 'manajemen', 'Manajemen', 'manajemen@stiebanten.ac.id', '$2y$10$LIGd1ru65i5ZaU6QpnWnBOfa9b/N2JAIfGPkPH6IWuxrhAef0Dc7y', 2, 2, NULL, NULL, '5XlbqVZGqPPYwsUObs5aNOXhR7cT7he7U9fNXj4zHh84FimYAXRVz0M8PP6l', '2018-10-18 02:59:34', '2018-10-30 05:17:38');
INSERT INTO `users` VALUES (18, '17010001', 'Mr X', 'mrx@siakad.ac.id', '$2y$10$dyG/pmJkJ82pkPWLFjQ0me7NI/c4riKkOUWdPKoX0Hg2T6pwjkjLa', 5, NULL, NULL, 'Y', NULL, '2018-10-29 08:14:23', '2018-10-29 08:14:23');
INSERT INTO `users` VALUES (19, '18010002', 'Danish Putra Pramudya', 'danish@gmail.com', '$2y$10$eJ4dJntE3yp0y0kfBxZKyemLIaZX7xama0N6/93zNW.lpszQCRecy', 5, 1, NULL, 'Y', '22aDuyuzoR8fbvdUgqrH2qsrhH96WjJnue0yt8ExHC8PwnoY4WrX3wvQ9pPU', '2018-10-29 08:14:23', '2018-10-30 05:22:29');
INSERT INTO `users` VALUES (21, 'sekjurakuntansi', 'Sekretaris Jurusan Akuntansi', 'sekjurakuntansi@gmail.com', '$2y$10$Om5QWN8qdNTb8V8uG7.fyuUEY0mldrXsrhKhLowhWshWoUj5qp.4m', 2, 1, NULL, NULL, 'KSeHqqRXeOdVvsmxvzMJG1XmEQVonYHuJzhp5tNng6CuPLoJfuutCMtCMe36', '2018-10-30 06:18:14', '2018-10-30 06:20:10');
COMMIT;

-- ----------------------------
-- Table structure for users_level
-- ----------------------------
DROP TABLE IF EXISTS `users_level`;
CREATE TABLE `users_level` (
  `id` int(11) NOT NULL AUTO_INCREMENT,
  `level` varchar(100) DEFAULT NULL,
  `user_id` int(11) DEFAULT NULL,
  `created_at` timestamp NULL DEFAULT NULL,
  `updated_at` timestamp NULL DEFAULT NULL,
  PRIMARY KEY (`id`)
) ENGINE=InnoDB AUTO_INCREMENT=8 DEFAULT CHARSET=latin1;

-- ----------------------------
-- Records of users_level
-- ----------------------------
BEGIN;
INSERT INTO `users_level` VALUES (1, 'Admin', 1, NULL, NULL);
INSERT INTO `users_level` VALUES (2, 'Prodi', 1, NULL, NULL);
INSERT INTO `users_level` VALUES (3, 'Staf', 1, NULL, NULL);
INSERT INTO `users_level` VALUES (4, 'Dosen', 1, NULL, NULL);
INSERT INTO `users_level` VALUES (5, 'Mahasiswa', 1, NULL, NULL);
INSERT INTO `users_level` VALUES (6, 'Keuangan', 1, NULL, NULL);
INSERT INTO `users_level` VALUES (7, 'Pimpinan', 1, NULL, NULL);
COMMIT;

SET FOREIGN_KEY_CHECKS = 1;
